incident_id,date,species,habitat_type,distance_to_settlement,conflict_type,minor_injuries,major_injuries,number_of_deaths,economic_loss,latitude,longitude
1,14/7/2021,Elephant,Wetland,7.06,Property Damage,2,2,1,2075.14,11.67246432,76.59306552
2,16/11/2020,Wild Boar,Wetland,4.59,Human Injury,1,0,0,6630.91,21.74409972,88.67786894
3,25/9/2021,Leopard,Grassland,3.1,Livestock Predation,2,2,1,5449.19,11.74057136,76.55985776
4,18/2/2020,Leopard,Wetland,3.61,Crop Raiding,3,2,1,6873.75,11.6748183,76.57242594
5,24/1/2020,Leopard,Forest,4.87,Property Damage,2,0,2,7047.39,11.68186072,76.59899989
6,21/12/2020,Wild Boar,Wetland,3.19,Property Damage,0,2,0,8954.65,21.68870632,88.69210187
7,13/6/2020,Monkey,Wetland,6.93,Livestock Predation,3,0,1,7585.68,26.6059934,93.25757197
8,13/9/2021,Monkey,Grassland,5.14,Livestock Predation,3,2,2,8283.69,21.67424377,88.60257792
9,13/2/2021,Wild Boar,Forest,7.19,Crop Raiding,1,2,0,1588.11,21.73547819,88.69861673
10,17/6/2022,Wild Boar,,,Crop Raiding,0,1,2,,21.68223895,88.66249447
11,23/8/2021,Monkey,Forest,1.42,Crop Raiding,3,0,2,1033.1,11.6608158,76.59490485
12,20/7/2022,Tiger,Grassland,2.93,Human Injury,2,0,2,3825.64,26.59110268,93.28402811
13,23/9/2022,Monkey,Wetland,6.91,Crop Raiding,2,2,2,5997.69,26.58017832,93.29062174
14,12/9/2021,Monkey,Wetland,6.47,Livestock Predation,3,1,1,4199.8,11.70409045,76.51285215
15,9/5/2022,Wild Boar,Grassland,4.75,Livestock Predation,1,1,2,5385.62,21.66231978,88.66830709
16,15/9/2020,Monkey,Wetland,6.57,Human Death,0,1,0,7414.03,21.68660076,88.61226186
17,25/4/2021,Tiger,Forest,2.23,Human Death,2,2,1,523.56,26.62211018,93.2622589
18,24/1/2020,Wild Boar,Grassland,5.68,Property Damage,3,1,2,782.06,21.67268093,88.66729363
19,25/10/2020,Monkey,Wetland,9.73,Property Damage,1,1,1,3456.22,26.62117237,93.29128087
20,9/2/2021,Leopard,Grassland,1.35,Livestock Predation,0,1,0,8395.31,11.67752725,76.53094622
21,9/11/2020,Monkey,Forest,7.3,Human Death,2,2,1,6384.09,26.624431,93.30485189
22,15/4/2022,Elephant,Forest,6.56,Property Damage,3,0,2,5153.85,11.69354439,76.5421767
23,8/9/2022,Tiger,Grassland,8.79,Livestock Predation,3,0,0,5448.38,26.62470594,93.26252602
24,25/5/2020,Elephant,Forest,6.65,Human Death,3,2,2,99958.7,11.73132157,76.55568128
25,15/7/2020,Wild Boar,Grassland,3.26,Crop Raiding,1,0,1,2591.26,21.67666089,88.67169694
26,13/8/2020,Elephant,Forest,3.89,Livestock Predation,1,0,1,7738.35,11.72865983,76.56120358
27,18/5/2021,Monkey,Wetland,0.56,Crop Raiding,3,1,0,6543.91,11.70575321,76.55850946
28,10/9/2022,Tiger,Wetland,7.1,Crop Raiding,1,2,1,4749.58,26.61467534,93.30326854
29,27/12/2021,Tiger,,,Human Injury,1,0,0,,26.62034383,93.29304973
30,2/8/2022,Elephant,Wetland,8.97,Property Damage,1,1,2,2411.43,11.70511783,76.59494212
31,10/7/2022,Monkey,Forest,8.47,Human Injury,3,0,2,5459.62,11.7370303,76.56263905
32,17/9/2021,Tiger,Grassland,6.28,Human Injury,1,2,1,2358.98,26.62533162,93.30225567
33,18/9/2020,Monkey,Grassland,7.44,Property Damage,1,0,1,7427.08,26.59988847,93.26017626
34,24/1/2021,Leopard,Grassland,7.78,Human Death,3,1,2,2902.04,11.69516734,76.54760805
35,9/5/2020,Wild Boar,Forest,9.79,Human Death,2,2,1,2386.45,21.72473746,88.68533521
36,23/10/2022,Monkey,Wetland,9,Livestock Predation,3,0,1,6112.66,11.66646308,76.57508669
37,8/1/2021,Elephant,Forest,1.24,Property Damage,1,2,0,5030.65,11.69533524,76.58333923
38,8/2/2022,Wild Boar,Forest,9.51,Livestock Predation,0,0,2,774.08,21.71767229,88.62719082
39,11/10/2022,Monkey,Forest,3.77,Human Death,1,0,1,8633.22,26.61053025,93.26813134
40,28/11/2021,Elephant,Grassland,3.15,Human Death,0,2,1,1032.32,11.74122537,76.57707933
41,11/10/2021,Tiger,Forest,5.91,Livestock Predation,0,0,2,6410.2,26.59078087,93.29159233
42,9/2/2020,Elephant,Grassland,3.42,Human Death,0,0,0,8099.97,11.74412727,76.54510154
43,31/5/2021,Monkey,,,Human Death,2,2,2,,26.57760735,93.28981303
44,2/2/2020,Elephant,Forest,3.71,Livestock Predation,3,1,1,2242.86,11.66206766,76.59617951
45,2/8/2022,Tiger,Grassland,4.19,Property Damage,0,1,2,4129.66,26.57942706,93.28059669
46,12/4/2020,Tiger,Grassland,8.65,Livestock Predation,3,1,0,3335.91,26.60551099,93.30077737
47,18/4/2020,Tiger,Grassland,9.19,Property Damage,3,1,2,4091.04,26.59475225,93.2702097
48,28/9/2022,Monkey,Grassland,7.2,Human Injury,1,2,2,9868.63,11.71069863,76.53917229
49,16/3/2020,Elephant,Forest,7.94,Livestock Predation,3,2,0,8465.02,11.67059003,76.54289544
50,6/9/2022,Monkey,Forest,8.31,Human Injury,2,2,2,3424.16,11.71131109,76.56375671
51,2/1/2022,Elephant,Forest,7.49,Crop Raiding,2,0,1,757.77,11.67099286,76.51016364
52,16/1/2020,Elephant,Grassland,6.18,Crop Raiding,3,1,1,3510.54,11.67744672,76.53347247
53,2/10/2022,Wild Boar,Grassland,3.98,Livestock Predation,2,0,1,8789,21.68748635,88.6057004
54,14/9/2022,Tiger,,,Human Injury,1,1,1,,26.59464643,93.30657568
55,22/3/2020,Monkey,Forest,8.85,Human Death,1,2,0,8586.12,21.68607063,88.66003804
56,2/7/2022,Tiger,Forest,0.73,Livestock Predation,1,0,0,7989.35,26.61427577,93.29429562
57,20/11/2020,Tiger,Forest,6.46,Livestock Predation,2,2,2,3814.37,26.59433797,93.27518383
58,8/8/2022,Leopard,,,Human Death,3,2,2,,11.68353725,76.53781127
59,22/10/2020,Tiger,Wetland,2.66,Crop Raiding,1,2,1,7283.62,26.60844516,93.2817437
60,28/5/2020,Tiger,Grassland,9.78,Property Damage,2,2,1,9964.69,26.57760371,93.26248193
61,22/9/2022,Wild Boar,Forest,5.04,Crop Raiding,0,0,1,3686.37,21.72712282,88.67561223
62,9/4/2020,Elephant,Forest,5.02,Human Death,3,1,2,9803.17,11.73899488,76.52477346
63,25/9/2022,Wild Boar,Grassland,4.92,Crop Raiding,1,1,2,7972.54,21.70739198,88.65996024
64,24/10/2020,Elephant,Grassland,7.12,Human Injury,3,1,2,8926.84,11.73441759,76.52245656
65,5/2/2021,Monkey,Forest,0.45,Livestock Predation,0,1,0,1636.74,26.57999475,93.26217406
66,31/3/2020,Monkey,Forest,7.56,Property Damage,3,0,2,1004.44,11.69647113,76.50028339
67,19/2/2022,Elephant,Wetland,4.85,Property Damage,2,0,0,9847.74,11.65029296,76.50611491
68,13/12/2022,Monkey,Grassland,9.26,Property Damage,1,2,0,3878.5,11.67612838,76.51405591
69,30/4/2022,Wild Boar,Wetland,4.74,Property Damage,1,2,2,4417.73,21.6818918,88.69500338
70,14/10/2020,Monkey,Forest,7.37,Property Damage,1,2,0,190.68,21.65519182,88.6234019
71,20/12/2021,Monkey,,,Human Death,1,2,0,,26.62659793,93.2898379
72,29/2/2020,Monkey,Grassland,5.11,Crop Raiding,1,2,1,812.49,21.6515876,88.63285778
73,28/4/2022,Monkey,,,Property Damage,0,0,0,,21.73682254,88.67012439
74,26/8/2022,Elephant,Grassland,7.71,Livestock Predation,0,1,2,5954.11,11.65329617,76.53905484
75,11/1/2021,Leopard,Grassland,1.45,Human Death,0,0,2,819.09,11.70878946,76.57297641
76,29/9/2021,Elephant,Wetland,6.36,Crop Raiding,3,0,1,6790.15,11.73343305,76.52926114
77,2/3/2021,Elephant,Forest,4.68,Human Death,0,1,2,8939.06,11.65647897,76.58772096
78,17/3/2021,Leopard,Forest,2.65,Livestock Predation,0,1,0,1452.53,11.68520533,76.52113972
79,6/8/2021,Leopard,Forest,1.91,Human Death,0,1,0,26.79,11.69201837,76.56512137
80,8/8/2022,Monkey,Wetland,8.31,Human Death,0,2,1,3428.11,26.61385604,93.27180739
81,26/8/2022,Elephant,Wetland,1.63,Crop Raiding,2,1,2,2961.01,11.65097961,76.52180915
82,6/11/2020,Wild Boar,Forest,5.65,Livestock Predation,3,0,0,9396.68,21.71113187,88.68595415
83,30/6/2022,Wild Boar,,,Human Injury,2,1,1,,21.69583045,88.68422155
84,18/4/2021,Wild Boar,Forest,4.86,Property Damage,1,2,0,5078.54,21.73268532,88.61288306
85,21/3/2022,Wild Boar,Wetland,1.36,Livestock Predation,1,2,1,1402.63,21.74505352,88.61588144
86,11/2/2020,Monkey,Forest,1.79,Property Damage,0,1,0,8857.47,21.70165993,88.68802311
87,29/1/2022,Elephant,Wetland,5.45,Livestock Predation,0,1,0,7072.78,11.69312314,76.57481646
88,25/1/2020,Monkey,,,Property Damage,2,1,1,,11.71548596,76.59568056
89,3/12/2021,Leopard,Forest,5.93,Property Damage,0,1,2,6214.5,11.68469481,76.50713017
90,9/6/2021,Leopard,Wetland,3.48,Human Injury,0,1,2,3773.23,11.68714322,76.5952161
91,14/9/2021,Tiger,Grassland,9.59,Crop Raiding,1,0,0,1876.34,26.59384517,93.28108523
92,18/9/2020,Tiger,,,Crop Raiding,2,1,2,,26.5846802,93.29667455
93,31/7/2022,Elephant,Wetland,5.22,Property Damage,2,2,2,911.6,11.73116519,76.50986234
94,25/10/2020,Tiger,Forest,4.89,Human Death,3,0,0,6852.6,26.6011467,93.27681725
95,20/12/2021,Wild Boar,Forest,8.23,Livestock Predation,2,2,2,3115.46,21.65487109,88.69152732
96,3/1/2021,Tiger,Grassland,4.77,Crop Raiding,3,1,2,2624.4,26.59056535,93.28882437
97,26/5/2021,Tiger,Wetland,8.78,Livestock Predation,1,0,0,3723.91,26.60966599,93.27457264
98,27/1/2022,Leopard,Grassland,7.11,Human Injury,2,2,0,4672.3,11.6559933,76.55147223
99,23/1/2022,Elephant,Wetland,7.24,Human Death,0,2,2,99958.7,11.65221983,76.57629527
100,9/3/2022,Monkey,,,Human Death,3,0,2,,26.61628229,93.27831677
101,11/5/2022,Wild Boar,Forest,4.21,Human Death,1,2,0,5715.69,21.73011715,88.68858557
102,12/2/2022,Monkey,Wetland,7.04,Human Death,1,2,1,4725.78,21.7317074,88.6435534
103,20/10/2020,Leopard,Forest,3.94,Crop Raiding,3,0,2,7822.12,11.73619275,76.53850479
104,29/8/2021,Wild Boar,Wetland,0.71,Human Injury,3,0,1,1689.19,21.74044108,88.62052142
105,2/2/2022,Wild Boar,Forest,6.23,Livestock Predation,1,1,0,6604.88,21.68623263,88.60838997
106,21/2/2022,Elephant,Wetland,0.08,Livestock Predation,1,0,2,1389.51,11.6508412,76.54448022
107,29/6/2021,Tiger,Forest,6.81,Crop Raiding,1,2,0,2840.2,26.60350465,93.30429882
108,1/3/2021,Tiger,Wetland,3.58,Human Injury,1,1,1,6229.9,26.61163651,93.29057094
109,15/4/2021,Elephant,Grassland,5.77,Crop Raiding,0,1,1,5228.09,11.68626323,76.5855598
110,6/7/2020,Wild Boar,Wetland,4.28,Human Death,2,0,1,7384.94,21.73154845,88.60324638
111,10/9/2020,Leopard,Grassland,0.61,Livestock Predation,0,2,1,324.19,11.71140684,76.51446879
112,24/9/2020,Tiger,Wetland,4.41,Human Injury,3,0,2,6218.34,26.62022032,93.26803626
113,1/10/2021,Tiger,Forest,8.11,Property Damage,2,1,2,4176.52,26.57851419,93.28578193
114,10/2/2020,Elephant,Forest,0.82,Human Injury,3,0,0,6953.46,11.68774237,76.58140222
115,3/4/2022,Elephant,Grassland,2.89,Human Death,1,0,1,8282.49,11.65637913,76.5091136
116,25/10/2021,Wild Boar,,,Crop Raiding,0,0,2,,21.73221648,88.65367893
117,20/6/2021,Wild Boar,Forest,5.05,Human Death,0,0,1,34.72,21.6584232,88.60746394
118,13/12/2020,Wild Boar,Grassland,0.34,Property Damage,1,1,0,3913.73,21.7211025,88.62221395
119,16/4/2020,Wild Boar,Forest,1.1,Property Damage,1,2,1,3338,21.74751648,88.67667552
120,12/11/2020,Monkey,,,Livestock Predation,2,0,1,,11.72119365,76.55175677
121,3/11/2022,Monkey,Wetland,9.44,Livestock Predation,1,2,1,3219.55,11.66534754,76.57498785
122,10/6/2020,Wild Boar,Grassland,7.08,Human Injury,3,0,0,9208.01,21.69440113,88.64375226
123,27/9/2021,Wild Boar,Grassland,8.94,Human Death,2,1,0,5161.59,21.72771592,88.64671608
124,6/12/2021,Tiger,Grassland,4.98,Property Damage,1,1,2,99958.7,26.60018338,93.28754888
125,24/6/2022,Monkey,Wetland,6.42,Crop Raiding,0,0,2,1710.1,21.749846,88.6210896
126,6/3/2022,Tiger,Grassland,0.29,Human Death,1,2,0,485.1,26.58971794,93.26219003
127,21/9/2021,Tiger,Wetland,3.53,Human Injury,3,0,2,1522.9,26.61359783,93.25981755
128,26/11/2022,Monkey,Wetland,3.95,Crop Raiding,1,0,0,5455.02,26.59521298,93.30136643
129,5/10/2022,Monkey,,,Livestock Predation,0,1,0,,26.58916662,93.2928239
130,11/2/2022,Elephant,Grassland,7.94,Livestock Predation,3,1,1,6415.14,11.67335616,76.57011765
131,18/3/2020,Tiger,Grassland,5.39,Crop Raiding,1,1,1,99958.7,26.62232503,93.29036451
132,9/6/2021,Leopard,Wetland,7.82,Livestock Predation,1,2,1,8158.59,11.70309621,76.5356398
133,27/4/2021,Monkey,Wetland,8.26,Crop Raiding,1,2,1,9522.58,11.70384112,76.51379332
134,30/6/2020,Elephant,Grassland,6.75,Livestock Predation,1,0,2,9272,11.71730682,76.57472674
135,18/9/2022,Tiger,Grassland,4.39,Human Death,3,0,2,56.35,26.58867619,93.30555635
136,2/12/2020,Wild Boar,Wetland,9.21,Human Death,1,2,1,4777.94,21.66976253,88.6809027
137,22/6/2021,Wild Boar,Wetland,7.89,Crop Raiding,3,0,1,9059.82,21.66964794,88.69278218
138,17/5/2022,Leopard,Forest,0.35,Crop Raiding,2,2,2,896.68,11.68534469,76.56907001
139,30/7/2020,Wild Boar,Forest,9.82,Livestock Predation,3,1,2,4173.79,21.67997175,88.6083887
140,19/7/2020,Leopard,Wetland,1.35,Human Death,2,2,2,552.76,11.65081873,76.54603617
141,2/3/2020,Wild Boar,Forest,1.32,Human Death,1,1,1,4192.13,21.69393089,88.62344652
142,22/12/2022,Wild Boar,Forest,4.92,Human Injury,1,1,0,486.85,21.70526616,88.68322091
143,14/7/2021,Leopard,Wetland,7.5,Human Injury,2,0,2,5589.31,11.71831436,76.54348048
144,26/7/2021,Elephant,Forest,5.59,Human Death,3,1,2,4868.54,11.73174813,76.59338832
145,23/6/2021,Leopard,Grassland,9.55,Crop Raiding,0,0,2,1798.99,11.68695753,76.5160351
146,2/1/2020,Monkey,Forest,2.97,Human Injury,3,2,1,6560.29,26.5949865,93.26830301
147,1/11/2021,Wild Boar,Grassland,1.13,Human Death,0,0,0,5443.92,21.70451403,88.69830076
148,9/2/2022,Monkey,,,Human Injury,1,2,2,,26.61579382,93.30003328
149,10/1/2022,Monkey,Wetland,8.68,Human Injury,2,2,0,99958.7,26.57978209,93.28349341
150,25/9/2020,Tiger,Grassland,0.21,Human Death,3,2,1,9071,26.58984307,93.30283836
151,1/11/2022,Wild Boar,Grassland,0.01,Human Death,0,2,2,2058.04,21.66348176,88.68630687
152,5/12/2021,Monkey,,,Livestock Predation,1,0,1,,11.6960637,76.53706394
153,31/10/2021,Leopard,Wetland,7.04,Livestock Predation,1,2,1,9635.5,11.72301319,76.54131801
154,19/3/2021,Monkey,Forest,9.46,Human Injury,1,0,0,4066.8,11.7054374,76.5134646
155,7/11/2021,Wild Boar,Forest,6.44,Human Death,1,2,2,4647.85,21.6947152,88.679971
156,30/6/2022,Wild Boar,Wetland,8.14,Human Injury,2,2,1,7539.7,21.69079704,88.68210703
157,30/10/2022,Wild Boar,Wetland,2.03,Livestock Predation,0,0,2,3876.11,21.68072555,88.64968746
158,24/8/2022,Leopard,Wetland,0.65,Crop Raiding,3,2,0,6743.25,11.74209584,76.50716107
159,29/4/2022,Wild Boar,Grassland,0.79,Livestock Predation,3,1,2,6161.06,21.71968106,88.68698964
160,29/6/2020,Leopard,Grassland,7.95,Human Death,2,0,0,3635.12,11.70189462,76.56960032
161,20/1/2022,Monkey,Forest,9.94,Human Injury,3,0,0,4736.43,26.59265525,93.29802129
162,7/4/2021,Leopard,Grassland,6.43,Crop Raiding,3,0,1,6808.33,11.6651636,76.58594617
163,27/8/2021,Elephant,Forest,5.65,Human Injury,3,1,1,4174.19,11.67272201,76.5246739
164,24/3/2020,Tiger,Grassland,0.92,Crop Raiding,1,2,0,9027.85,26.62509518,93.27706737
165,11/9/2022,Monkey,Grassland,1.99,Crop Raiding,0,2,0,4773.18,26.59048547,93.30133372
166,8/4/2021,Wild Boar,Grassland,6.4,Human Death,0,1,2,7923.31,21.68751038,88.66616091
167,10/9/2022,Elephant,Wetland,9.84,Human Injury,1,1,2,8987.16,11.70408746,76.52812114
168,12/8/2020,Tiger,Grassland,8.14,Crop Raiding,3,2,2,7292.38,26.6058216,93.26289313
169,19/6/2020,Monkey,Grassland,8.64,Property Damage,2,1,1,7889.73,21.68762433,88.63981947
170,3/5/2021,Monkey,Grassland,1.6,Livestock Predation,3,1,2,3061.48,11.70677554,76.53749312
171,10/7/2022,Monkey,Grassland,4.98,Human Injury,1,1,0,4544.41,11.67768856,76.57806376
172,24/11/2021,Elephant,Forest,6.98,Livestock Predation,0,2,1,5677.41,11.72263082,76.56844389
173,19/10/2022,Wild Boar,Forest,7.95,Human Death,0,0,0,8801.79,21.68893721,88.61544433
174,1/6/2020,Leopard,Forest,1.08,Property Damage,3,1,1,1461.73,11.65913804,76.50399333
175,18/8/2022,Tiger,,,Crop Raiding,3,2,2,,26.60147126,93.29138129
176,27/8/2020,Elephant,Wetland,7.02,Human Injury,0,0,1,6373.97,11.65162707,76.564873
177,18/2/2020,Wild Boar,Grassland,3.36,Property Damage,3,1,2,4746.24,21.73004599,88.69587667
178,4/6/2020,Tiger,,,Human Injury,3,0,1,,26.6272847,93.28825841
179,30/9/2020,Wild Boar,Grassland,3.53,Human Death,3,0,0,2569.73,21.73208114,88.61902912
180,31/1/2022,Monkey,Wetland,3.54,Livestock Predation,1,0,1,2033.14,21.70308915,88.69784716
181,18/6/2020,Monkey,Forest,4.38,Human Death,1,1,0,7677.06,11.6625937,76.57010944
182,18/10/2020,Leopard,Wetland,1.49,Crop Raiding,3,2,0,1816.86,11.71480159,76.5710943
183,27/5/2020,Elephant,Grassland,1.72,Livestock Predation,2,0,0,7297.78,11.65023986,76.54103992
184,19/12/2021,Tiger,,,Property Damage,0,1,2,,26.59493833,93.27834718
185,7/7/2020,Tiger,Wetland,4.89,Human Death,0,2,1,8009.62,26.60972284,93.27118039
186,16/11/2022,Elephant,Grassland,4.43,Property Damage,1,1,0,4103.06,11.73167355,76.5884823
187,28/8/2021,Elephant,Forest,9.91,Human Death,1,1,1,837.14,11.7231529,76.52922177
188,6/10/2021,Tiger,Wetland,6.91,Crop Raiding,3,1,2,1927.85,26.61171691,93.29473501
189,6/9/2020,Monkey,Forest,0.54,Crop Raiding,0,0,2,7044.76,11.6779549,76.52090575
190,17/6/2020,Wild Boar,Wetland,7.31,Property Damage,1,1,2,5294.37,21.72694006,88.65242278
191,25/6/2022,Wild Boar,Grassland,5.61,Property Damage,1,2,1,618.86,21.68306863,88.64653065
192,1/1/2022,Monkey,Forest,4.98,Property Damage,0,1,0,9581.51,21.69331607,88.67248449
193,3/7/2021,Elephant,,,Human Death,0,0,0,,11.66127636,76.5870717
194,1/4/2021,Leopard,Grassland,4.64,Human Death,0,0,0,9597.01,11.674269,76.53140577
195,7/7/2022,Leopard,Wetland,1.99,Human Death,3,1,1,5647.81,11.65757911,76.54624586
196,24/4/2020,Tiger,Forest,6.55,Livestock Predation,3,1,0,2309.98,26.62012946,93.28617676
197,1/1/2022,Elephant,Wetland,9.87,Property Damage,3,1,2,3212.8,11.74590895,76.53448531
198,11/9/2022,Elephant,Wetland,7.22,Crop Raiding,2,0,0,2537.17,11.70319631,76.59096009
199,13/3/2021,Tiger,Forest,0.25,Human Injury,2,1,0,5912.56,26.62170423,93.26284794
200,16/9/2021,Wild Boar,Grassland,4.93,Crop Raiding,3,2,0,5262.92,21.66254513,88.61836954
201,25/6/2021,Tiger,Forest,1.52,Livestock Predation,0,0,1,2139.81,26.60150397,93.27744022
202,29/11/2021,Leopard,Forest,6.62,Crop Raiding,2,0,1,3674.7,11.6535507,76.50899848
203,5/7/2022,Tiger,Forest,0.27,Property Damage,1,1,1,22.33,26.61719957,93.2829559
204,23/8/2022,Monkey,Wetland,7.88,Crop Raiding,3,1,0,9632.05,21.67966083,88.66844894
205,28/3/2020,Monkey,Grassland,0.24,Human Death,2,0,2,6987.26,21.7042774,88.61880754
206,25/1/2021,Wild Boar,Wetland,7.52,Crop Raiding,0,2,2,6895.78,21.71933367,88.67070334
207,1/2/2021,Leopard,Wetland,2.2,Livestock Predation,1,0,0,8521.94,11.65195057,76.52270964
208,24/9/2020,Leopard,Wetland,9.05,Human Injury,1,2,0,7151.66,11.69183728,76.53564562
209,29/3/2022,Leopard,Forest,0.6,Crop Raiding,0,0,2,9757.83,11.7369222,76.50746817
210,6/2/2020,Wild Boar,Wetland,0.29,Crop Raiding,0,2,0,99958.7,21.70799172,88.60404478
211,6/12/2021,Elephant,Grassland,1.6,Crop Raiding,2,1,1,9868.61,11.71598967,76.51190156
212,11/6/2020,Tiger,Grassland,6.35,Property Damage,3,1,2,3851.61,26.60903742,93.30289373
213,15/2/2020,Leopard,Grassland,9.89,Human Injury,1,0,0,5523.67,11.65142938,76.57611528
214,8/5/2022,Elephant,Grassland,5.61,Property Damage,3,0,1,7976.68,11.74537037,76.55084703
215,17/5/2022,Elephant,Grassland,4.02,Crop Raiding,3,1,0,1023.69,11.70957773,76.59257735
216,10/1/2021,Tiger,Forest,2.22,Property Damage,2,2,1,852.78,26.61841447,93.27626954
217,31/3/2022,Wild Boar,Forest,9.19,Human Injury,1,1,2,4937.76,21.6943875,88.65571703
218,6/10/2020,Elephant,Forest,2.26,Livestock Predation,0,2,1,4979.37,11.72991278,76.58482204
219,22/7/2022,Elephant,Wetland,0.37,Property Damage,3,2,2,7417.87,11.74214976,76.51733869
220,25/1/2022,Wild Boar,Forest,7,Property Damage,2,2,0,9080.15,21.65112175,88.66105262
221,7/9/2022,Leopard,Forest,3.51,Livestock Predation,2,0,0,2283.94,11.66103414,76.52168954
222,15/12/2021,Leopard,Forest,3.61,Crop Raiding,0,1,1,360.95,11.67493255,76.58371614
223,24/7/2020,Leopard,Wetland,2.76,Livestock Predation,0,2,0,7551.92,11.71358241,76.58740363
224,27/8/2021,Leopard,Forest,3.97,Human Death,3,2,1,1496.41,11.67542993,76.53650508
225,6/7/2022,Wild Boar,Grassland,9.9,Human Death,2,2,1,1583.14,21.67387086,88.68535416
226,14/11/2021,Wild Boar,Wetland,6.94,Crop Raiding,2,0,2,1318.73,21.68177542,88.65216242
227,3/2/2022,Monkey,Wetland,3.26,Property Damage,0,0,1,2572.24,21.66796358,88.60953662
228,8/10/2021,Wild Boar,Forest,8.74,Human Injury,3,0,2,7678.25,21.70916076,88.61645716
229,7/6/2020,Leopard,Grassland,7.21,Crop Raiding,3,1,0,9006.46,11.67436542,76.58191589
230,16/7/2022,Wild Boar,Forest,9.81,Human Death,2,1,2,4912.06,21.68642141,88.68011604
231,4/9/2022,Wild Boar,Wetland,7.81,Human Death,0,0,2,9383.1,21.69035027,88.6858843
232,23/7/2022,Tiger,Grassland,7.79,Livestock Predation,1,0,0,3995.58,26.61314946,93.29285705
233,14/10/2021,Wild Boar,Grassland,5.94,Human Injury,3,2,0,8618.2,21.68016708,88.65434835
234,13/12/2022,Wild Boar,Forest,9.77,Property Damage,2,1,1,7687.78,21.74056585,88.67308017
235,28/5/2021,Wild Boar,Grassland,2.82,Property Damage,1,1,1,849.58,21.66452863,88.64147948
236,23/6/2021,Tiger,Forest,8.98,Human Injury,3,1,1,347.07,26.6189966,93.26510057
237,21/1/2021,Wild Boar,Wetland,7.64,Human Injury,3,2,0,8348.45,21.72977612,88.67359289
238,17/7/2022,Monkey,Wetland,6.31,Crop Raiding,1,2,1,8229.38,26.61559815,93.2839639
239,15/9/2022,Elephant,Wetland,8,Property Damage,2,1,0,1854.38,11.69023005,76.52265203
240,16/1/2022,Leopard,Forest,6,Property Damage,3,2,2,3128.9,11.6625025,76.56834714
241,18/9/2021,Monkey,Grassland,2.11,Crop Raiding,2,1,0,7482.88,11.7297361,76.53184237
242,11/9/2021,Elephant,Grassland,9.73,Crop Raiding,1,1,0,6463.98,11.70626407,76.51061221
243,20/7/2020,Leopard,Wetland,5.88,Crop Raiding,2,2,2,2003.06,11.74199183,76.52194829
244,13/3/2020,Wild Boar,Wetland,1.56,Crop Raiding,3,0,1,8425.43,21.664156,88.60624346
245,30/11/2020,Elephant,,,Human Injury,3,0,2,,11.6739643,76.51849919
246,5/12/2022,Tiger,Grassland,5.26,Crop Raiding,1,2,1,2569.66,26.59498415,93.26654613
247,10/5/2020,Leopard,Forest,7,Human Injury,2,1,1,5745.17,11.73114228,76.5731961
248,20/12/2022,Elephant,Forest,5.76,Livestock Predation,0,2,0,9567.51,11.66472155,76.5531088
249,9/11/2022,Tiger,Forest,3.53,Crop Raiding,2,2,0,4588.05,26.59409649,93.28609368
250,12/11/2021,Monkey,Grassland,0.1,Human Death,0,2,1,4335.34,21.74825863,88.61004188
251,9/9/2022,Monkey,Forest,1.16,Human Death,3,0,1,1772.66,21.71857457,88.67513066
252,12/6/2021,Tiger,Grassland,3.63,Human Death,3,1,2,7914.39,26.60435018,93.25890696
253,22/3/2020,Monkey,Forest,7.29,Human Death,1,2,1,4538.55,26.59856692,93.2842332
254,29/9/2020,Tiger,Grassland,6.36,Human Death,1,0,2,521.98,26.60156058,93.29263958
255,3/4/2020,Elephant,Wetland,3.37,Crop Raiding,3,1,1,6920.61,11.66495623,76.55672392
256,25/11/2020,Monkey,Wetland,0.02,Livestock Predation,3,1,0,1916.3,21.73389559,88.65986366
257,21/7/2022,Elephant,Forest,8.25,Crop Raiding,1,1,2,7958.21,11.70901598,76.54040801
258,27/6/2020,Tiger,,,Crop Raiding,3,2,2,,26.60546292,93.2679814
259,30/10/2020,Leopard,Wetland,0.79,Property Damage,3,2,2,9730.64,11.66937626,76.53172692
260,18/7/2022,Leopard,Grassland,3.88,Property Damage,3,0,0,8280.82,11.71264155,76.51220767
261,11/8/2022,Tiger,Grassland,1.31,Human Death,0,1,2,8495.65,26.58908935,93.26221682
262,17/4/2021,Elephant,Forest,6.71,Crop Raiding,2,1,1,5428.42,11.73639887,76.55116031
263,8/4/2022,Wild Boar,Forest,3.07,Property Damage,1,1,1,1306.29,21.70782154,88.6283957
264,26/12/2021,Leopard,Wetland,7.64,Crop Raiding,0,0,2,790.09,11.7193945,76.51408117
265,7/10/2022,Elephant,Wetland,7.64,Human Death,2,2,1,6819.96,11.65342459,76.59941815
266,17/4/2020,Leopard,,,Crop Raiding,1,1,0,,11.7150853,76.51369273
267,20/10/2021,Elephant,Grassland,4.56,Property Damage,1,0,2,6211.1,11.73886983,76.53406951
268,23/8/2021,Leopard,Wetland,0.46,Livestock Predation,0,2,0,5942,11.65196293,76.52521693
269,9/9/2021,Wild Boar,Wetland,6.61,Property Damage,0,2,2,6586.13,21.67310584,88.68865311
270,12/4/2020,Leopard,Wetland,5.17,Human Death,3,2,1,8490.77,11.68016837,76.58822056
271,24/1/2022,Monkey,Forest,2.11,Property Damage,1,1,2,7788.79,11.69414454,76.58941785
272,22/4/2022,Elephant,Grassland,2.63,Human Death,0,1,2,4523.73,11.70773238,76.58197262
273,15/7/2020,Leopard,Forest,0.31,Crop Raiding,0,0,0,8359.05,11.68150465,76.52014368
274,15/1/2022,Monkey,,,Property Damage,1,0,0,,11.70308382,76.50345863
275,8/12/2022,Elephant,Forest,6.38,Human Death,1,1,0,7515.25,11.68950088,76.58064749
276,4/4/2021,Leopard,Grassland,4.49,Livestock Predation,1,0,1,1334.2,11.6707496,76.55573893
277,11/11/2022,Wild Boar,Wetland,3.88,Human Injury,2,2,1,7490.14,21.72396404,88.62950243
278,11/5/2020,Monkey,,,Crop Raiding,3,0,2,,11.66860893,76.56265621
279,5/7/2020,Monkey,Wetland,9.69,Human Injury,0,1,0,1522.04,26.60589744,93.27897106
280,22/2/2020,Elephant,Grassland,0.35,Crop Raiding,0,1,1,9468.42,11.69027118,76.56007913
281,22/7/2022,Wild Boar,Wetland,4.09,Crop Raiding,0,2,1,93.96,21.70396502,88.68004781
282,28/9/2021,Tiger,Wetland,9.83,Livestock Predation,2,0,0,3233.92,26.61506513,93.27024011
283,18/12/2022,Wild Boar,Forest,8.45,Human Death,3,1,2,7885.84,21.7313211,88.69974154
284,16/4/2022,Monkey,Forest,0.93,Human Death,2,0,2,7405.81,11.71690112,76.57111232
285,12/11/2021,Wild Boar,Forest,2.62,Property Damage,3,0,2,7733.71,21.66364768,88.63052509
286,2/12/2021,Wild Boar,Grassland,6.08,Livestock Predation,1,1,0,6385.83,21.73160004,88.61900999
287,27/3/2020,Tiger,Forest,4.02,Human Injury,3,0,1,3448.11,26.61020922,93.29475831
288,15/8/2020,Tiger,Forest,1.34,Property Damage,1,0,0,3479.61,26.62349105,93.2715513
289,3/1/2020,Wild Boar,,,Livestock Predation,0,1,1,,21.66875619,88.61479763
290,29/8/2021,Leopard,Wetland,9.34,Human Death,2,0,2,9518.4,11.73362365,76.53413096
291,3/12/2021,Wild Boar,Wetland,2.69,Human Death,3,2,0,2456.28,21.70117376,88.6468764
292,5/2/2021,Leopard,,,Livestock Predation,2,1,2,,11.73140004,76.5937226
293,17/5/2020,Leopard,Forest,6.04,Human Injury,1,0,0,6857.6,11.66678345,76.50770094
294,25/4/2021,Leopard,Grassland,1.87,Livestock Predation,0,1,2,2106.91,11.68459007,76.52570465
295,5/2/2022,Monkey,Wetland,7.36,Property Damage,3,2,1,1311.25,11.74741804,76.55534925
296,31/3/2022,Elephant,Wetland,1.11,Human Death,0,0,0,280.89,11.66035632,76.57512018
297,18/5/2022,Elephant,Grassland,7.74,Livestock Predation,3,1,2,3356.53,11.73658008,76.55175553
298,30/10/2021,Wild Boar,Grassland,5.2,Human Death,1,2,2,8199.12,21.6827176,88.62016481
299,8/12/2021,Wild Boar,Wetland,0.85,Human Death,0,2,0,5083.64,21.727036,88.651619
300,23/6/2022,Elephant,Wetland,3.12,Human Death,2,1,0,1071.46,11.71610968,76.54224159
301,10/5/2021,Elephant,Grassland,2.72,Livestock Predation,3,0,1,7369.59,11.71639455,76.56761136
302,5/8/2020,Leopard,Grassland,9.91,Livestock Predation,3,2,0,7184.03,11.65099627,76.50419893
303,27/11/2020,Monkey,Wetland,3.59,Human Death,1,0,2,6278.55,26.60701181,93.30061208
304,19/4/2020,Leopard,Grassland,4.98,Human Death,0,2,0,6659.4,11.69141465,76.5460609
305,10/9/2021,Monkey,Grassland,9.4,Property Damage,1,1,1,7797.89,26.59653921,93.30118377
306,27/12/2021,Leopard,Wetland,9.09,Human Death,1,2,1,72.51,11.71291724,76.55235241
307,13/12/2022,Wild Boar,Grassland,7.23,Human Death,0,0,0,9711.91,21.69621479,88.61365861
308,27/1/2020,Leopard,Grassland,7.94,Human Injury,3,1,2,5511.66,11.73518628,76.5703
309,14/8/2021,Elephant,Forest,2.67,Livestock Predation,1,0,2,2746.75,11.6974798,76.53854263
310,12/7/2022,Leopard,Grassland,7.54,Livestock Predation,3,1,1,5329.13,11.68585633,76.54497866
311,10/6/2021,Tiger,Wetland,5.42,Property Damage,2,0,0,3870.98,26.57827923,93.29276557
312,19/5/2022,Monkey,Wetland,6.97,Human Injury,1,0,2,7813.95,26.60444961,93.26625683
313,12/11/2022,Tiger,Grassland,5.98,Crop Raiding,3,1,0,2159.39,26.61692626,93.30196423
314,16/2/2022,Leopard,Grassland,6.08,Crop Raiding,2,0,2,1818.98,11.69245428,76.51090071
315,19/5/2022,Tiger,,,Human Injury,2,0,2,,26.61466068,93.28809372
316,23/9/2020,Wild Boar,Forest,2.38,Property Damage,2,1,1,8967.74,21.67651775,88.69486057
317,7/5/2021,Tiger,Grassland,6.18,Human Injury,0,2,0,9995.87,26.60631902,93.27211418
318,9/4/2020,Wild Boar,Wetland,3.66,Crop Raiding,0,0,0,8515.33,21.73388249,88.63849578
319,16/10/2022,Wild Boar,Grassland,8.64,Crop Raiding,0,2,2,4568.59,21.74435679,88.62086385
320,25/8/2021,Leopard,Forest,6.8,Livestock Predation,0,0,0,9906.79,11.68570969,76.53877581
321,18/5/2021,Wild Boar,Grassland,9.14,Human Death,3,0,2,432.66,21.69351972,88.60165415
322,7/10/2020,Tiger,,,Livestock Predation,1,1,2,,26.61247825,93.28699552
323,19/6/2021,Monkey,Wetland,7.36,Property Damage,3,1,1,3493.62,21.68239286,88.62003648
324,11/6/2021,Elephant,Forest,0.32,Crop Raiding,2,0,1,2006.77,11.71541542,76.56421568
325,23/10/2022,Monkey,Grassland,2.92,Human Injury,0,2,2,7078.66,26.59399696,93.26803628
326,3/4/2022,Tiger,Forest,3.37,Livestock Predation,3,0,0,5291.44,26.60125074,93.27302815
327,12/1/2022,Leopard,Forest,7.03,Livestock Predation,2,0,2,4603.19,11.66677694,76.56344294
328,13/7/2020,Monkey,Wetland,0.31,Property Damage,1,1,2,2924.59,11.74329751,76.5749166
329,6/12/2020,Wild Boar,Grassland,8.5,Human Injury,2,2,1,9519.14,21.69102596,88.66366078
330,28/9/2022,Monkey,Forest,5.45,Livestock Predation,3,0,1,714.53,11.67149714,76.52980192
331,20/10/2021,Elephant,Forest,7.46,Property Damage,3,0,1,4395.81,11.68064475,76.55444811
332,13/7/2022,Wild Boar,Wetland,6.81,Human Injury,2,1,1,317.42,21.72813621,88.62520222
333,18/6/2020,Elephant,Forest,4.31,Human Injury,2,1,2,9621.67,11.6733653,76.57009304
334,9/1/2021,Monkey,Grassland,8.12,Property Damage,2,1,2,4939.14,21.6774028,88.69862662
335,6/6/2020,Leopard,Wetland,8.99,Livestock Predation,0,0,2,8598.43,11.7197605,76.55818473
336,29/7/2022,Wild Boar,,,Livestock Predation,1,0,2,,21.70158689,88.64744287
337,7/7/2021,Elephant,Grassland,4.13,Crop Raiding,0,1,1,6969.85,11.7314876,76.55845072
338,7/4/2020,Elephant,Wetland,7.15,Livestock Predation,3,1,2,6302.49,11.72359559,76.52100734
339,30/3/2022,Wild Boar,Grassland,7.6,Crop Raiding,0,0,2,5755.12,21.67944508,88.67772348
340,2/3/2021,Tiger,Wetland,7.07,Human Injury,3,2,2,7906.44,26.59484243,93.27864872
341,13/11/2021,Wild Boar,Forest,3.15,Human Injury,1,1,0,6726.69,21.68806893,88.69970493
342,15/11/2022,Elephant,Wetland,5.95,Livestock Predation,0,1,0,8918.9,11.71967983,76.58420898
343,7/10/2021,Elephant,Wetland,3.93,Property Damage,3,0,0,8854.31,11.71989774,76.51359545
344,5/4/2022,Leopard,Forest,5.14,Livestock Predation,2,1,2,3991.62,11.73923596,76.54522656
345,1/3/2022,Leopard,Grassland,4.03,Property Damage,3,0,0,6979.06,11.66521021,76.55718336
346,26/7/2022,Elephant,Forest,2.1,Crop Raiding,2,0,2,8658.75,11.70979718,76.58042872
347,28/2/2021,Monkey,Grassland,9.85,Human Injury,2,2,2,1660.78,11.71496835,76.52843986
348,8/9/2020,Wild Boar,Wetland,9.87,Human Injury,2,1,2,8716.42,21.71527119,88.63522677
349,20/1/2022,Elephant,Grassland,9.67,Human Injury,0,0,0,2731.34,11.73600791,76.58873865
350,25/3/2020,Wild Boar,Wetland,2.14,Human Death,1,0,0,6464.78,21.71955047,88.68268187
351,22/11/2022,Monkey,Forest,3.96,Livestock Predation,3,2,0,4268.79,26.62653915,93.26307023
352,1/2/2021,Monkey,Forest,9.55,Livestock Predation,2,2,2,2934.53,21.70485466,88.60664746
353,9/5/2020,Wild Boar,Forest,4.25,Property Damage,0,2,2,7306.96,21.70722128,88.65502631
354,5/5/2020,Tiger,Grassland,8.26,Property Damage,3,0,2,8296.67,26.62312621,93.29945215
355,30/6/2021,Wild Boar,Grassland,8.87,Property Damage,1,1,0,4215.66,21.67102524,88.62623251
356,4/6/2020,Leopard,Grassland,9.79,Human Death,2,2,0,311.28,11.66318092,76.56600866
357,24/8/2020,Leopard,Grassland,5.64,Crop Raiding,0,2,2,4105.07,11.71817634,76.53361409
358,3/2/2022,Elephant,Forest,7.68,Human Death,2,2,2,9096.8,11.72796615,76.59989848
359,17/5/2021,Wild Boar,Wetland,1.55,Crop Raiding,0,2,0,2098.53,21.7119899,88.67806661
360,5/9/2021,Leopard,,,Human Death,1,1,0,,11.73802677,76.51465924
361,25/8/2022,Monkey,Wetland,9.07,Human Injury,0,1,1,4414.41,26.59378233,93.27463942
362,4/4/2020,Elephant,Forest,3.78,Livestock Predation,0,1,1,4543.49,11.73536587,76.53924439
363,9/9/2022,Wild Boar,Forest,4.93,Human Injury,0,1,2,152.42,21.65691819,88.68376981
364,20/8/2020,Tiger,Grassland,0.87,Property Damage,3,0,2,6000.84,26.60760139,93.28760306
365,5/6/2021,Tiger,Forest,3.31,Human Death,2,2,2,6336.97,26.61253194,93.29987641
366,13/1/2021,Leopard,Forest,8.5,Livestock Predation,2,0,2,402.46,11.66767407,76.551185
367,14/10/2022,Monkey,Forest,3.83,Livestock Predation,2,2,0,6335.15,21.68419203,88.67877157
368,26/11/2020,Leopard,Forest,5.18,Human Death,2,0,1,2471.14,11.6578856,76.54397721
369,13/9/2022,Tiger,Wetland,6.46,Livestock Predation,1,2,1,9263.34,26.58012374,93.28254315
370,27/9/2020,Leopard,Forest,4.77,Human Injury,2,2,0,3240.36,11.72596684,76.59593525
371,27/12/2022,Wild Boar,Grassland,4.07,Property Damage,3,2,0,7396.27,21.70342829,88.61353346
372,7/4/2022,Elephant,Grassland,5.31,Livestock Predation,3,0,0,9689.98,11.70689557,76.55641811
373,6/9/2021,Monkey,Wetland,8.98,Human Death,2,1,0,9057.11,21.71586811,88.66436561
374,5/5/2021,Tiger,Forest,2.63,Crop Raiding,2,0,2,668.56,26.61133332,93.30320749
375,17/5/2020,Leopard,Wetland,7.76,Livestock Predation,2,1,0,1516.95,11.66029845,76.56455214
376,12/12/2021,Tiger,Grassland,3.36,Livestock Predation,3,1,1,1652.29,26.6215706,93.2895902
377,14/9/2022,Monkey,Grassland,7.6,Human Injury,2,0,1,4254.6,11.70886771,76.57062328
378,20/12/2020,Elephant,Forest,7.81,Human Death,0,1,1,99958.7,11.73501748,76.56377486
379,15/11/2021,Elephant,Grassland,0.12,Human Injury,2,2,2,5340.59,11.72450961,76.51031618
380,18/11/2021,Monkey,Forest,9.05,Crop Raiding,3,2,1,5990.03,21.65326594,88.62198948
381,8/1/2020,Monkey,Wetland,8.29,Property Damage,2,1,1,1798.17,26.60897911,93.29309757
382,13/5/2022,Tiger,Wetland,5.23,Human Injury,2,2,1,4142.96,26.61559741,93.27168291
383,14/4/2020,Tiger,Forest,2.25,Crop Raiding,0,2,1,1038.46,26.61414189,93.28541276
384,24/6/2020,Wild Boar,Wetland,5.97,Human Injury,3,0,1,99958.7,21.67472991,88.69776937
385,20/5/2020,Monkey,Grassland,4.47,Human Death,1,0,1,3961.61,26.58546359,93.29374908
386,12/4/2020,Elephant,Forest,5.92,Property Damage,3,2,0,7814.63,11.6518764,76.56392203
387,13/6/2021,Wild Boar,Grassland,2.49,Crop Raiding,3,1,2,5274.41,21.68288629,88.6913458
388,12/5/2020,Tiger,Wetland,5.75,Property Damage,0,2,1,3757.47,26.57918741,93.30176609
389,26/6/2021,Elephant,,,Human Death,2,0,2,,11.68031718,76.58616739
390,15/6/2021,Elephant,Forest,4.04,Crop Raiding,3,0,2,8602.54,11.69255611,76.50061409
391,22/1/2022,Leopard,Forest,0.09,Property Damage,0,0,1,1934.16,11.73156104,76.56194795
392,14/10/2022,Elephant,Wetland,7.16,Human Injury,2,1,0,7822.11,11.68140903,76.55204142
393,7/12/2021,Tiger,Forest,1.13,Human Death,1,2,1,8933.94,26.60088322,93.28912286
394,21/1/2022,Monkey,Grassland,7.6,Human Death,1,0,0,9594.23,26.59626813,93.27391219
395,20/9/2020,Elephant,Forest,9.17,Property Damage,0,2,0,6360.85,11.66841824,76.56736045
396,1/10/2020,Tiger,Wetland,5.81,Human Death,3,0,2,3954.29,26.59102798,93.26959034
397,22/9/2020,Elephant,,,Property Damage,0,1,1,,11.69086598,76.55645941
398,11/6/2020,Monkey,Forest,7.1,Human Injury,3,2,2,1484.26,26.61411537,93.30276079
399,21/11/2022,Monkey,,,Property Damage,0,1,0,,21.74672944,88.62433172
400,19/7/2021,Elephant,Forest,2.85,Livestock Predation,3,0,1,5908.03,11.73699591,76.51013204
401,4/5/2021,Wild Boar,Forest,8.16,Livestock Predation,3,0,0,1446.08,21.74773374,88.66473452
402,5/4/2021,Tiger,Forest,5.76,Property Damage,3,0,1,8216.17,26.61682106,93.27863786
403,31/10/2022,Tiger,Forest,4.45,Human Injury,3,2,1,9819.1,26.61522423,93.2842599
404,11/8/2021,Monkey,Forest,7.33,Human Injury,0,0,1,9172.03,21.67946404,88.66481764
405,7/1/2022,Elephant,Wetland,4.82,Human Death,3,1,1,7972.28,11.67601602,76.52085247
406,22/5/2020,Tiger,Wetland,4.57,Human Death,2,1,0,9744.02,26.62174292,93.27580881
407,26/11/2022,Elephant,Grassland,3.12,Human Death,1,2,0,2368.85,11.71001075,76.5105524
408,1/2/2021,Leopard,Forest,4.51,Human Death,3,0,0,255.18,11.73972171,76.5098817
409,29/4/2021,Monkey,Forest,2.45,Human Death,3,0,2,4910.17,26.60432813,93.26236335
410,12/9/2020,Wild Boar,Forest,3.21,Property Damage,0,0,2,3473.46,21.7417242,88.60605372
411,11/12/2020,Monkey,Grassland,9.03,Livestock Predation,0,0,2,6411.07,26.58029901,93.27464771
412,19/11/2021,Tiger,Grassland,7.17,Human Injury,3,0,0,99958.7,26.61497796,93.26246104
413,15/2/2021,Leopard,Forest,2.56,Human Injury,0,1,2,6065.29,11.67336026,76.59020199
414,22/12/2021,Elephant,Grassland,6.01,Livestock Predation,3,1,2,1644.98,11.6718429,76.53020342
415,6/4/2022,Tiger,Forest,1.06,Livestock Predation,2,1,0,4767.44,26.61747169,93.28209885
416,29/9/2020,Leopard,Grassland,9.96,Livestock Predation,2,0,1,3596.92,11.68079053,76.58994899
417,3/8/2022,Elephant,Wetland,2.16,Crop Raiding,1,2,2,1639.5,11.65049753,76.59437276
418,8/2/2020,Wild Boar,Forest,4.47,Property Damage,2,1,1,1109.84,21.74072215,88.65302706
419,21/2/2021,Elephant,Grassland,8.58,Human Death,3,1,0,9845.6,11.66357147,76.50025217
420,22/7/2020,Leopard,Forest,5.44,Human Injury,3,0,0,2072.81,11.72198082,76.57316198
421,9/8/2020,Elephant,Grassland,0.24,Property Damage,0,2,0,5781.89,11.74134604,76.57422952
422,11/6/2020,Elephant,Forest,1.56,Human Death,0,0,1,2359.67,11.74385978,76.57572675
423,21/10/2021,Elephant,Forest,5.19,Human Death,2,1,0,7125.99,11.67059611,76.55478093
424,18/4/2021,Wild Boar,,,Property Damage,0,2,1,,21.73150277,88.68168458
425,11/9/2022,Elephant,Wetland,4.28,Crop Raiding,2,1,1,8583.48,11.66802739,76.54051758
426,3/6/2021,Tiger,Wetland,3.79,Crop Raiding,3,2,0,7118.75,26.58728268,93.26960456
427,29/10/2021,Tiger,Grassland,0.33,Crop Raiding,2,0,1,1575.38,26.58524704,93.25892496
428,8/8/2022,Wild Boar,Forest,5.53,Human Death,3,2,1,171.01,21.72178948,88.61652751
429,6/4/2020,Leopard,Wetland,7.01,Human Death,3,2,2,2251.47,11.70235842,76.52329516
430,29/1/2022,Leopard,Forest,8.28,Livestock Predation,2,0,0,4963.46,11.73328032,76.59680445
431,6/10/2022,Tiger,,,Human Injury,2,2,2,,26.60067999,93.30007077
432,2/7/2020,Elephant,,,Property Damage,3,0,1,,11.67685052,76.58361534
433,13/11/2020,Monkey,Forest,3.42,Property Damage,1,2,1,42.55,11.66650598,76.59778526
434,9/3/2020,Elephant,Grassland,4.02,Human Injury,2,0,1,868.6,11.68651843,76.51829328
435,24/9/2020,Tiger,Forest,9.46,Livestock Predation,1,0,2,6502.19,26.61155661,93.28185886
436,12/1/2021,Wild Boar,Grassland,3.61,Property Damage,2,0,1,6800.35,21.69541318,88.62738545
437,18/1/2020,Tiger,Wetland,1.63,Human Injury,1,2,1,6375.13,26.59854822,93.30479216
438,29/8/2020,Elephant,Grassland,5.82,Livestock Predation,2,1,1,1219.26,11.67655257,76.52411091
439,26/6/2020,Monkey,Forest,3.95,Human Death,0,0,0,9848.59,26.5778137,93.28883901
440,31/7/2022,Elephant,Forest,8.87,Livestock Predation,1,1,2,3852.84,11.68790684,76.5732868
441,4/11/2021,Monkey,Forest,7.9,Property Damage,1,0,0,3945.5,11.74639416,76.55508018
442,28/6/2020,Tiger,Wetland,5.46,Property Damage,3,0,1,5645.84,26.60011937,93.29143587
443,19/10/2022,Tiger,,,Property Damage,0,2,1,,26.60059325,93.29044236
444,20/5/2021,Elephant,Grassland,5.76,Property Damage,0,0,2,8349.55,11.68941527,76.57672852
445,16/1/2022,Leopard,Grassland,2.12,Crop Raiding,1,0,2,4145.2,11.66329531,76.56911271
446,29/11/2022,Wild Boar,Grassland,7.84,Human Death,0,0,1,5932.69,21.72612968,88.67577493
447,26/7/2022,Wild Boar,Wetland,5.19,Livestock Predation,3,0,2,3684.42,21.66440883,88.61315586
448,28/2/2022,Elephant,Grassland,7.7,Livestock Predation,2,1,1,2385.44,11.68204729,76.53806615
449,18/6/2022,Tiger,,,Crop Raiding,2,2,1,,26.58706701,93.26069334
450,23/8/2020,Elephant,Wetland,8.61,Human Injury,1,1,0,7744.25,11.66059527,76.5570039
451,9/1/2021,Tiger,Forest,0.79,Crop Raiding,2,1,0,3860.35,26.58802531,93.26548832
452,21/11/2021,Elephant,Grassland,0.25,Human Injury,1,0,2,543.73,11.73237849,76.53579287
453,21/10/2020,Elephant,Wetland,9.39,Property Damage,1,2,1,6183.25,11.74810225,76.52495762
454,4/6/2021,Monkey,Wetland,1.19,Property Damage,2,0,0,7693.64,11.66902836,76.58883191
455,10/4/2022,Wild Boar,Wetland,4.55,Property Damage,2,2,2,1371.66,21.65092122,88.62004152
456,14/6/2021,Monkey,Wetland,1.19,Human Death,0,1,1,1637.18,26.61783847,93.29380654
457,21/1/2020,Tiger,Grassland,0.79,Livestock Predation,0,1,1,2683.17,26.58825636,93.26813537
458,29/9/2022,Elephant,Wetland,6.47,Crop Raiding,3,0,1,1236.92,11.7273884,76.5840837
459,16/8/2022,Elephant,Forest,0.96,Crop Raiding,2,0,1,5106.96,11.65480044,76.59067694
460,6/5/2021,Monkey,,,Livestock Predation,1,1,2,,11.66783598,76.53172154
461,15/5/2022,Leopard,Forest,8.2,Livestock Predation,3,2,1,6057.05,11.71170888,76.53108626
462,6/1/2021,Tiger,Forest,4.1,Crop Raiding,2,0,2,206.37,26.62683048,93.25800789
463,18/9/2021,Monkey,Grassland,9.54,Property Damage,3,0,1,3102.87,26.62020156,93.26310694
464,23/2/2021,Elephant,Wetland,6.64,Human Death,0,0,2,2428.78,11.65594006,76.59790955
465,27/11/2021,Leopard,Grassland,2.05,Livestock Predation,3,0,1,2205.97,11.71022622,76.50366168
466,15/9/2022,Wild Boar,Grassland,9.74,Property Damage,3,1,0,2057.66,21.67227379,88.63217978
467,26/2/2020,Wild Boar,Wetland,5.43,Human Injury,3,2,1,5222.39,21.73776627,88.65917441
468,13/3/2022,Leopard,Wetland,4.05,Human Death,0,0,1,1304.73,11.69208956,76.59043114
469,2/11/2022,Wild Boar,Grassland,8.76,Human Death,2,2,2,9994.35,21.73529554,88.61010041
470,17/5/2021,Leopard,Forest,4.92,Human Death,0,2,0,5743.56,11.66796881,76.59669365
471,19/3/2022,Elephant,Forest,3.68,Crop Raiding,2,0,1,3472.57,11.67342967,76.55331932
472,2/3/2021,Wild Boar,Forest,5.93,Livestock Predation,3,0,1,5428.43,21.66136095,88.69330392
473,13/12/2020,Monkey,,,Livestock Predation,0,1,2,,11.67305393,76.56527042
474,28/1/2021,Leopard,Grassland,2.76,Livestock Predation,0,1,0,7032.65,11.71754659,76.54186325
475,13/5/2022,Wild Boar,Grassland,1.32,Human Death,0,2,1,2215.92,21.69603048,88.6968192
476,22/6/2021,Monkey,Wetland,0.01,Human Death,3,1,2,9575.02,21.68405847,88.64309916
477,18/12/2020,Leopard,Grassland,4.88,Property Damage,0,2,2,6920.96,11.65411678,76.55602876
478,12/9/2020,Monkey,Forest,9.35,Livestock Predation,0,0,2,4371.92,26.59220214,93.26803253
479,24/12/2022,Leopard,Grassland,9.57,Human Injury,3,0,1,8074.23,11.67226989,76.59773741
480,25/1/2022,Wild Boar,Forest,3.66,Human Death,1,2,2,9766.17,21.73445472,88.6159119
481,27/2/2020,Monkey,Grassland,9.67,Livestock Predation,0,2,0,200.77,11.70678598,76.52245105
482,24/4/2021,Monkey,Forest,2.37,Human Injury,1,2,1,342.47,11.72819272,76.58428167
483,23/6/2021,Tiger,Wetland,1.6,Human Death,0,0,2,2189.11,26.59145565,93.27013941
484,29/9/2022,Wild Boar,Grassland,6.13,Crop Raiding,2,0,2,435.97,21.6814312,88.68877879
485,25/5/2021,Leopard,Wetland,7.33,Human Injury,1,0,0,5043.78,11.71259158,76.58816076
486,26/12/2020,Monkey,Wetland,2.68,Crop Raiding,2,0,2,1589.35,11.70270914,76.50657104
487,6/6/2020,Tiger,,,Human Injury,0,2,2,,26.60813867,93.29228486
488,5/1/2021,Leopard,Grassland,8.21,Human Injury,1,1,0,3950.77,11.6851702,76.52890781
489,26/1/2022,Elephant,,,Property Damage,1,1,2,,11.7441961,76.53694679
490,19/12/2020,Leopard,Forest,3.25,Crop Raiding,1,1,0,4641.61,11.7308936,76.5630835
491,3/5/2021,Monkey,Forest,1.7,Human Death,1,0,2,640.02,11.707658,76.50694481
492,14/11/2021,Leopard,Wetland,8.04,Human Death,1,1,2,9494.65,11.65117748,76.56976307
493,10/9/2022,Tiger,Forest,7.84,Crop Raiding,1,2,2,4354.84,26.58272179,93.29109834
494,28/9/2021,Wild Boar,Forest,4.08,Human Death,0,0,0,3247.43,21.74228654,88.6101955
495,10/10/2020,Elephant,Grassland,0.97,Human Death,0,0,1,72.69,11.7456874,76.59807513
496,26/3/2022,Monkey,Forest,1.64,Human Injury,1,1,1,8509.19,21.72217907,88.63442176
497,13/6/2021,Monkey,Wetland,6.31,Livestock Predation,2,2,1,7705.99,26.61445459,93.26275828
498,14/7/2021,Leopard,Forest,7.7,Livestock Predation,2,0,2,5675.79,11.70885783,76.56143059
499,24/12/2021,Wild Boar,Forest,8.55,Human Injury,2,0,2,7024.78,21.69349955,88.62619692
500,12/5/2022,Wild Boar,Wetland,9.93,Livestock Predation,1,0,2,8083.22,21.66984102,88.60797539
501,21/5/2022,Wild Boar,Wetland,3.58,Livestock Predation,1,0,0,6904.22,21.74235679,88.65649233
502,30/1/2020,Leopard,Forest,1.6,Crop Raiding,2,2,2,8709.53,11.71520671,76.57664268
503,4/8/2022,Wild Boar,Grassland,2.71,Property Damage,2,0,1,7696.03,21.73986328,88.63637023
504,31/7/2022,Elephant,Grassland,3.3,Crop Raiding,3,1,0,333.52,11.69991319,76.54601315
505,27/2/2020,Elephant,Grassland,1.35,Property Damage,1,0,2,4676.09,11.73067843,76.59630739
506,8/11/2021,Elephant,Grassland,1.21,Property Damage,3,0,2,7365.25,11.68398045,76.52219783
507,12/4/2022,Monkey,Forest,5.95,Crop Raiding,1,1,0,4618.58,21.71541414,88.65732878
508,23/6/2020,Tiger,Grassland,9.44,Property Damage,3,0,2,3245.79,26.60521509,93.26864994
509,30/11/2022,Leopard,Forest,9.04,Livestock Predation,1,2,1,9040.04,11.7014132,76.57792524
510,10/12/2021,Elephant,Forest,5.51,Livestock Predation,2,1,0,3211.01,11.67528936,76.56221953
511,28/6/2022,Elephant,,,Crop Raiding,3,2,0,,11.66132487,76.59644625
512,10/10/2021,Elephant,Forest,0.1,Livestock Predation,3,0,2,1417.57,11.69496555,76.58422994
513,1/4/2020,Tiger,Forest,9.36,Property Damage,1,2,2,6763.82,26.58641628,93.26004918
514,18/2/2021,Wild Boar,Wetland,0.14,Human Death,0,1,1,3610.68,21.66306843,88.60764768
515,25/10/2021,Leopard,Forest,3.63,Property Damage,0,0,0,143,11.72241024,76.59737897
516,29/3/2021,Elephant,Wetland,8.26,Livestock Predation,3,0,1,903.5,11.6886426,76.54173791
517,11/5/2021,Leopard,Grassland,5.71,Human Injury,3,1,1,8666.83,11.72382358,76.51815092
518,23/9/2020,Monkey,Wetland,6.18,Human Injury,0,2,2,2045.88,26.60752659,93.28360616
519,18/3/2021,Leopard,Forest,3.82,Human Death,2,2,0,648.74,11.68253594,76.52168469
520,24/5/2022,Tiger,Grassland,0.23,Human Death,0,0,1,5027.16,26.61386713,93.29530962
521,22/10/2020,Elephant,Grassland,7.17,Human Injury,3,1,2,5013.51,11.70248377,76.50708198
522,3/4/2021,Elephant,Grassland,1.14,Human Injury,1,2,2,4004.07,11.74901994,76.56221994
523,12/8/2020,Wild Boar,Forest,7.42,Human Injury,1,0,1,6916.03,21.69671056,88.61920487
524,2/4/2022,Wild Boar,Forest,6.55,Property Damage,1,2,1,7721.17,21.73087464,88.64292751
525,29/6/2021,Monkey,Wetland,5.26,Crop Raiding,3,2,2,5935.24,26.60679768,93.29732933
526,25/8/2020,Monkey,Wetland,5.18,Human Death,3,2,2,120.55,11.74250668,76.54304884
527,21/10/2022,Monkey,Forest,2.08,Property Damage,0,0,2,649.82,11.6789525,76.5113729
528,22/7/2021,Wild Boar,Forest,0.31,Human Death,3,0,1,7972.79,21.70401872,88.67440869
529,2/4/2022,Leopard,Forest,8.99,Property Damage,3,2,0,8375.51,11.74887777,76.55669756
530,2/7/2022,Wild Boar,Forest,7.74,Livestock Predation,0,2,1,6772.64,21.66247557,88.6427576
531,1/9/2022,Tiger,Forest,1.66,Crop Raiding,2,1,2,3375.76,26.60497662,93.26105084
532,11/3/2020,Monkey,Grassland,3.35,Livestock Predation,0,0,2,962.15,21.74593498,88.68563068
533,10/1/2020,Elephant,Forest,5.7,Human Death,2,0,2,5131.1,11.71974905,76.56939035
534,28/12/2022,Elephant,Grassland,8.93,Crop Raiding,1,0,2,3118.94,11.69354244,76.59487003
535,5/5/2022,Tiger,Grassland,0.4,Livestock Predation,1,1,1,5875.38,26.61168244,93.29983659
536,14/6/2020,Monkey,Wetland,6.74,Property Damage,1,2,0,3693.28,11.70188117,76.53308247
537,27/2/2022,Monkey,Forest,7.97,Human Death,0,0,2,9604.28,11.71334533,76.56874955
538,3/3/2020,Elephant,,,Property Damage,3,0,1,,11.66327541,76.52679165
539,3/5/2021,Tiger,Forest,2.57,Property Damage,0,0,0,141.46,26.57983014,93.29191963
540,4/2/2020,Elephant,Grassland,0.25,Livestock Predation,1,0,2,1382.02,11.68912049,76.53195358
541,15/9/2020,Monkey,Wetland,5.56,Crop Raiding,3,2,2,5794.61,21.74900506,88.69135803
542,19/7/2020,Elephant,Forest,7.72,Property Damage,1,2,2,1131.89,11.74943917,76.59004138
543,17/8/2022,Wild Boar,Wetland,8.76,Human Injury,2,2,1,6593.8,21.66852891,88.69501975
544,23/3/2022,Wild Boar,,,Human Death,2,2,1,,21.73730915,88.68156258
545,1/5/2021,Wild Boar,,,Property Damage,1,0,2,,21.71136797,88.6230591
546,24/10/2020,Leopard,Forest,7,Human Injury,1,1,2,1742.53,11.68108184,76.57605135
547,17/1/2020,Wild Boar,Forest,3.68,Livestock Predation,1,2,1,4821.54,21.73429751,88.6615171
548,26/4/2021,Tiger,Wetland,1.32,Property Damage,3,1,2,1987.46,26.58617475,93.27908574
549,15/6/2021,Leopard,Grassland,7.51,Human Death,0,1,0,1264.52,11.74178924,76.55051223
550,16/3/2020,Leopard,Forest,4.81,Crop Raiding,2,2,1,5160.39,11.72701326,76.57247018
551,24/9/2022,Elephant,,,Crop Raiding,3,0,0,,11.69645507,76.53372141
552,6/6/2020,Monkey,,,Human Death,0,0,0,,11.74415375,76.56104876
553,22/4/2021,Elephant,Grassland,0.99,Human Death,2,1,2,770.84,11.65342194,76.54241236
554,21/11/2021,Tiger,Grassland,2.84,Crop Raiding,2,0,2,1676.11,26.5906401,93.25978486
555,19/6/2021,Leopard,Grassland,8.01,Crop Raiding,0,1,2,9015.47,11.69969922,76.5602853
556,18/10/2020,Monkey,Forest,2.27,Property Damage,3,2,0,99958.7,26.59481386,93.28065528
557,3/10/2022,Wild Boar,Grassland,0.42,Livestock Predation,0,2,0,186.05,21.67404857,88.65408846
558,24/5/2020,Tiger,Grassland,6.35,Crop Raiding,1,0,2,8825.42,26.60674282,93.27118403
559,28/11/2021,Wild Boar,Forest,5.06,Crop Raiding,2,2,1,689.95,21.66174307,88.65510639
560,21/7/2022,Monkey,,,Livestock Predation,3,0,1,,26.61377121,93.29577844
561,22/1/2022,Leopard,Grassland,2.73,Livestock Predation,1,0,2,6350.57,11.69025714,76.50388083
562,13/5/2022,Wild Boar,Forest,6.32,Human Death,1,0,1,4187.47,21.69865789,88.66142084
563,22/11/2021,Monkey,Grassland,6.93,Human Death,2,0,2,99958.7,26.60737977,93.29306737
564,14/11/2022,Wild Boar,Wetland,3.38,Human Death,3,1,1,6331.75,21.70703021,88.61898353
565,30/4/2021,Elephant,Wetland,1.11,Crop Raiding,0,0,1,9386.69,11.66506223,76.59682638
566,13/7/2020,Tiger,,,Property Damage,1,0,1,,26.62477531,93.29023273
567,21/7/2021,Elephant,Grassland,8.53,Property Damage,2,0,1,1182.99,11.6545852,76.50109144
568,14/11/2021,Elephant,Grassland,7.78,Livestock Predation,0,0,2,1552.8,11.71025225,76.53862008
569,19/1/2022,Monkey,Wetland,9.97,Human Injury,2,0,1,8468.59,11.65370853,76.51611639
570,1/8/2021,Tiger,Grassland,5.98,Human Injury,0,2,0,6217,26.59989184,93.28969411
571,8/2/2020,Monkey,Forest,3.57,Livestock Predation,2,0,0,4639.19,21.73805937,88.61668083
572,30/11/2021,Tiger,Forest,2.56,Property Damage,3,2,0,1908.15,26.59482285,93.26108384
573,22/1/2021,Monkey,Grassland,9,Human Death,0,2,2,5921.2,11.68590675,76.56033678
574,11/10/2020,Tiger,Forest,7.2,Property Damage,0,0,0,9732.83,26.61335498,93.29424894
575,26/1/2021,Elephant,Forest,0.03,Human Death,1,1,1,99958.7,11.71978653,76.54206298
576,7/6/2021,Tiger,Wetland,7.55,Human Death,3,1,0,1863.51,26.6163958,93.29888799
577,10/5/2020,Tiger,Forest,7.45,Crop Raiding,0,2,0,821.73,26.61652425,93.30258487
578,27/10/2021,Wild Boar,Wetland,6.15,Property Damage,2,0,2,9464.66,21.67003993,88.66865199
579,26/12/2020,Monkey,Wetland,2.55,Human Death,0,1,0,7579.02,26.62046302,93.28987367
580,6/2/2022,Monkey,Grassland,9.73,Human Death,3,2,1,6674.13,11.6682411,76.56378021
581,15/4/2021,Wild Boar,Grassland,7.83,Human Death,0,2,1,1577.71,21.70276687,88.67448052
582,28/7/2022,Monkey,Wetland,9.89,Property Damage,0,2,2,7227.53,26.6194855,93.30111453
583,18/1/2022,Wild Boar,Grassland,9.06,Human Injury,0,2,0,1708.41,21.68039561,88.62177029
584,8/3/2021,Wild Boar,Forest,1.61,Human Injury,2,0,0,5049.9,21.72833544,88.64378779
585,11/8/2020,Wild Boar,Forest,0.89,Livestock Predation,3,0,0,5506.16,21.72072162,88.66539405
586,19/3/2020,Monkey,Wetland,6.56,Livestock Predation,0,1,2,814.89,26.61772524,93.2691904
587,7/2/2021,Elephant,Forest,3.71,Property Damage,0,2,0,5552.43,11.74015221,76.52974054
588,21/9/2022,Leopard,Forest,1.09,Crop Raiding,2,2,1,4853.52,11.7023095,76.53471832
589,10/7/2021,Tiger,Wetland,8.44,Property Damage,3,1,2,2119.06,26.57852952,93.26442243
590,26/5/2020,Monkey,Forest,2.93,Human Injury,0,2,0,4106.71,26.60533757,93.27338369
591,31/7/2021,Wild Boar,Wetland,8.17,Livestock Predation,2,0,1,803.47,21.69139459,88.64068126
592,6/7/2022,Leopard,Grassland,3.32,Human Injury,3,2,1,9911.73,11.68614096,76.50169272
593,7/11/2021,Leopard,Grassland,2.1,Human Death,2,2,1,3559.12,11.68265242,76.50300732
594,14/4/2020,Monkey,Grassland,4.44,Property Damage,3,0,2,6510.83,11.7210492,76.5972042
595,22/11/2022,Tiger,Forest,5.25,Human Injury,1,2,1,99958.7,26.62261178,93.26278111
596,19/11/2020,Elephant,Wetland,9.61,Crop Raiding,1,2,0,4547.03,11.74956525,76.53414803
597,22/3/2020,Wild Boar,Grassland,0.11,Crop Raiding,2,0,2,9926.12,21.74430998,88.67227155
598,4/9/2021,Leopard,Forest,2.03,Crop Raiding,1,0,1,5314.93,11.72234976,76.51190901
599,8/4/2020,Elephant,Grassland,3.92,Property Damage,2,1,0,6692.2,11.65350488,76.5262896
600,15/12/2022,Elephant,,,Property Damage,0,1,1,,11.69915174,76.51029385
601,1/6/2020,Leopard,,,Human Injury,1,2,2,,11.74947256,76.50744976
602,9/11/2021,Monkey,Forest,7.84,Property Damage,0,2,1,536.58,21.72440582,88.600833
603,14/1/2020,Tiger,Grassland,9.65,Livestock Predation,3,2,0,8592.21,26.59410523,93.2714649
604,20/12/2022,Elephant,Wetland,5.96,Crop Raiding,1,0,0,4674.79,11.74114953,76.57248513
605,5/7/2022,Leopard,Forest,7.31,Human Injury,3,1,1,7947.95,11.67692833,76.57390956
606,10/3/2020,Leopard,Wetland,7.12,Crop Raiding,3,0,2,5601.31,11.74551744,76.54042292
607,5/8/2022,Tiger,Wetland,4.63,Crop Raiding,0,2,1,6602.62,26.62150063,93.28993865
608,15/2/2021,Monkey,Grassland,2.58,Human Death,2,1,1,6126.62,11.73342053,76.5072572
609,14/2/2022,Wild Boar,Wetland,8.47,Human Injury,1,2,2,6368.05,21.69032422,88.605473
610,30/3/2020,Leopard,Grassland,3.23,Livestock Predation,0,1,0,9162.83,11.69189301,76.51680594
611,8/7/2020,Elephant,Grassland,6.16,Livestock Predation,0,1,1,2558.34,11.70988305,76.51324279
612,19/10/2020,Wild Boar,,,Crop Raiding,2,0,2,,21.74991545,88.61082782
613,9/11/2020,Leopard,Forest,7.92,Livestock Predation,1,0,1,8118.75,11.74076061,76.57397722
614,18/8/2021,Tiger,Forest,0.14,Crop Raiding,1,1,0,207.33,26.61735692,93.25869771
615,11/1/2020,Leopard,Forest,3.04,Property Damage,2,2,1,7586.78,11.65600806,76.50909954
616,8/1/2021,Leopard,Forest,7.34,Crop Raiding,1,2,0,2989.75,11.7474787,76.52266633
617,11/5/2020,Elephant,Wetland,8.07,Human Injury,1,0,1,199.11,11.74387218,76.59929041
618,7/6/2020,Elephant,,,Crop Raiding,0,2,1,,11.74388988,76.54630109
619,28/6/2020,Tiger,Wetland,7.48,Human Injury,1,2,2,1953.45,26.62722685,93.28419108
620,7/7/2020,Wild Boar,Grassland,4.3,Livestock Predation,0,2,0,280.1,21.68766499,88.65112625
621,5/3/2020,Tiger,Wetland,8.25,Livestock Predation,1,2,1,349.52,26.60532203,93.2591076
622,7/3/2021,Monkey,Grassland,7.47,Property Damage,2,2,1,5774.02,21.73613072,88.61488316
623,8/6/2022,Leopard,Forest,4.52,Property Damage,3,0,1,8645.95,11.74687689,76.57922392
624,2/12/2022,Wild Boar,Wetland,5.2,Livestock Predation,0,1,1,5529.89,21.69394357,88.63529464
625,24/3/2021,Monkey,Wetland,8.51,Livestock Predation,1,1,1,4528.79,21.66038106,88.64311908
626,10/9/2022,Monkey,Grassland,4.56,Human Death,1,0,1,1718.97,26.5887614,93.25779552
627,28/6/2021,Wild Boar,Wetland,1.22,Human Injury,3,1,1,7136.52,21.68443029,88.60142053
628,16/8/2021,Tiger,Forest,2.98,Crop Raiding,0,0,2,9840.92,26.60256742,93.27497971
629,7/3/2020,Wild Boar,Wetland,1.46,Human Death,1,1,0,513.5,21.69099254,88.69932596
630,9/3/2020,Monkey,,,Property Damage,0,0,2,,26.58349148,93.27287502
631,20/12/2021,Wild Boar,Grassland,3.27,Human Death,2,1,2,5627.2,21.72180686,88.67481986
632,15/10/2020,Wild Boar,Grassland,5.55,Crop Raiding,1,1,1,2661.05,21.71781493,88.64260719
633,20/11/2021,Monkey,Wetland,8.91,Property Damage,1,0,1,9754.31,26.61742523,93.28327862
634,11/10/2021,Leopard,,,Property Damage,0,0,1,,11.74075699,76.53953091
635,9/9/2021,Leopard,Grassland,8.26,Property Damage,0,1,1,1428.92,11.70082834,76.5271897
636,7/4/2020,Tiger,Grassland,8.36,Property Damage,0,0,1,1202.11,26.60749808,93.28041215
637,27/9/2021,Monkey,Grassland,8.38,Human Injury,0,0,0,7010.01,26.61007927,93.28304084
638,15/8/2021,Elephant,Forest,6.48,Human Injury,2,1,0,5583.63,11.73943322,76.56092242
639,4/5/2022,Leopard,Wetland,3.13,Human Injury,0,0,1,8328.35,11.65113947,76.52888864
640,22/10/2020,Monkey,,,Human Death,3,2,1,,11.66282362,76.59432075
641,2/3/2021,Leopard,Grassland,8.78,Property Damage,3,0,0,474.62,11.69121884,76.52393372
642,9/11/2020,Leopard,Forest,3.42,Livestock Predation,2,1,1,8237.85,11.66531471,76.50796912
643,15/3/2022,Monkey,Wetland,4.98,Crop Raiding,0,1,0,7071.16,26.62393685,93.30578914
644,22/1/2020,Leopard,Forest,2.19,Livestock Predation,1,2,1,3489.72,11.66243798,76.53569223
645,18/3/2020,Wild Boar,Grassland,2.19,Human Death,3,0,0,6902.17,21.71460585,88.69668159
646,17/8/2020,Tiger,Grassland,0.46,Human Injury,0,1,0,151.75,26.61490946,93.26424942
647,14/3/2020,Elephant,Forest,2.06,Crop Raiding,1,2,2,4192.54,11.67477016,76.57221805
648,27/1/2020,Tiger,Wetland,4.34,Property Damage,0,0,2,7659.45,26.57759332,93.27493178
649,25/8/2022,Monkey,Wetland,5.43,Human Injury,1,1,1,9241.79,26.62385091,93.26118877
650,9/9/2022,Tiger,Grassland,7.24,Human Injury,2,0,1,2031.83,26.61821839,93.29015531
651,21/9/2020,Elephant,Wetland,9.73,Crop Raiding,0,0,0,5831.41,11.66761345,76.55027588
652,2/9/2021,Wild Boar,Wetland,3.02,Human Injury,3,2,2,9535.89,21.65250422,88.64607368
653,26/4/2021,Leopard,Grassland,7.38,Crop Raiding,2,1,0,4034.67,11.68706163,76.56454714
654,29/12/2021,Wild Boar,Wetland,6.7,Crop Raiding,1,0,0,9055.37,21.7364922,88.60481289
655,19/7/2020,Leopard,Wetland,4.18,Property Damage,3,2,2,4623.96,11.68700416,76.59907069
656,19/10/2020,Tiger,Grassland,7.75,Property Damage,3,1,0,6373.47,26.58184002,93.26507929
657,21/12/2021,Tiger,Grassland,3.47,Property Damage,2,0,2,1371.18,26.62310911,93.27891042
658,23/8/2020,Monkey,Grassland,4.55,Property Damage,1,2,2,9207.59,21.65726566,88.65932676
659,26/2/2022,Leopard,Grassland,1.79,Livestock Predation,2,1,2,7304.13,11.72467741,76.55123284
660,30/4/2021,Elephant,,,Human Death,3,0,1,,11.72050671,76.58766654
661,26/12/2022,Tiger,Wetland,0.2,Crop Raiding,0,2,0,3252.82,26.59488536,93.2817653
662,9/12/2020,Tiger,Wetland,2.41,Human Injury,1,2,1,9851.32,26.60897839,93.27394771
663,21/7/2020,Tiger,Wetland,6.1,Human Injury,1,2,2,5330.54,26.58403496,93.29853974
664,8/1/2020,Tiger,Grassland,3.9,Human Death,1,2,2,9471.41,26.58272123,93.30149468
665,12/12/2022,Leopard,Wetland,0.46,Human Injury,0,1,0,6894.44,11.69535594,76.58566121
666,4/7/2022,Wild Boar,Wetland,9.41,Livestock Predation,2,0,0,8906.02,21.7248987,88.62447679
667,9/5/2022,Wild Boar,Forest,9.35,Human Death,3,1,0,5122.89,21.68365179,88.64715181
668,14/8/2022,Elephant,Forest,5.36,Livestock Predation,0,2,0,6797.16,11.72539482,76.53414796
669,20/2/2021,Monkey,Forest,4.5,Crop Raiding,0,1,2,648.48,26.58417236,93.28092441
670,19/3/2021,Monkey,Grassland,3.22,Property Damage,2,0,2,2093.77,11.71743546,76.55968498
671,27/4/2022,Wild Boar,Grassland,5.36,Human Death,0,0,2,7868.72,21.67402888,88.63873473
672,9/3/2021,Leopard,Forest,3.26,Crop Raiding,3,0,2,3150.54,11.73948902,76.53900196
673,3/7/2022,Wild Boar,Grassland,4.74,Livestock Predation,2,0,2,2999.91,21.74045203,88.60887534
674,10/10/2022,Leopard,Grassland,5.29,Property Damage,3,0,2,3432.7,11.6806687,76.52148055
675,4/11/2020,Tiger,Grassland,8.46,Human Injury,3,1,1,2103.71,26.62154566,93.27454245
676,27/4/2020,Leopard,,,Human Injury,1,1,1,,11.65359654,76.53030976
677,7/11/2021,Tiger,Grassland,7.06,Livestock Predation,0,1,0,3530.36,26.59033897,93.29464345
678,9/9/2021,Elephant,,,Human Death,0,1,1,,11.70643097,76.5119911
679,14/6/2020,Wild Boar,Forest,4.4,Livestock Predation,3,2,2,2002.84,21.70629852,88.61399436
680,18/7/2021,Leopard,Forest,3.36,Livestock Predation,0,2,0,3723.38,11.67064518,76.56549681
681,18/10/2020,Tiger,Grassland,9.2,Crop Raiding,2,1,0,6977.9,26.6206968,93.29954977
682,1/3/2020,Wild Boar,Wetland,8.36,Livestock Predation,2,1,0,7137.32,21.65269496,88.62116657
683,18/2/2022,Wild Boar,Wetland,8.44,Crop Raiding,1,1,1,7110.79,21.68447808,88.6966383
684,15/5/2021,Leopard,Grassland,2.64,Livestock Predation,3,2,2,446.55,11.71258731,76.55180321
685,18/9/2020,Monkey,,,Crop Raiding,0,2,1,,11.68583295,76.55517442
686,19/1/2021,Leopard,Grassland,5.87,Human Injury,3,1,1,2970.33,11.74685576,76.54633474
687,24/7/2021,Wild Boar,Forest,1.45,Crop Raiding,2,2,0,3881.41,21.70214441,88.67195273
688,1/5/2022,Elephant,Grassland,3.65,Property Damage,2,1,2,9428.63,11.70190149,76.5384771
689,10/7/2022,Elephant,Grassland,8.96,Crop Raiding,2,0,0,6389.45,11.67677399,76.55889183
690,22/7/2021,Wild Boar,Forest,8.43,Crop Raiding,3,0,0,5674.61,21.6700523,88.67664563
691,22/5/2021,Wild Boar,Wetland,7.69,Livestock Predation,2,0,0,1209.68,21.66022951,88.66745862
692,5/5/2020,Wild Boar,Wetland,9.19,Property Damage,3,0,0,8687.39,21.68418167,88.6716703
693,26/11/2021,Tiger,Grassland,3.56,Human Injury,2,2,0,2954.21,26.5816644,93.2899139
694,3/1/2020,Leopard,Wetland,9.38,Crop Raiding,1,1,2,4697.22,11.66363116,76.55366177
695,6/2/2021,Monkey,Grassland,5.92,Property Damage,3,2,0,1277.84,26.60327029,93.2911949
696,24/3/2020,Tiger,Wetland,7.53,Human Injury,3,2,2,8215.72,26.60200367,93.27738119
697,3/11/2022,Leopard,Grassland,0.8,Livestock Predation,3,2,1,3887.69,11.74000212,76.52383484
698,1/9/2021,Tiger,,,Crop Raiding,1,1,1,,26.62556159,93.29164536
699,18/12/2020,Tiger,Grassland,8.03,Human Injury,1,0,1,6539.26,26.62527762,93.30571853
700,10/10/2022,Tiger,Grassland,4.51,Property Damage,3,1,2,99958.7,26.6111562,93.28910424
701,8/8/2022,Monkey,Wetland,0.33,Human Injury,2,0,0,6279.32,21.72305324,88.68412082
702,27/11/2022,Monkey,Forest,6.18,Property Damage,2,2,0,5122.83,11.69353788,76.51614974
703,11/9/2021,Monkey,Grassland,7.73,Crop Raiding,1,1,1,4153.4,26.59424684,93.30512671
704,14/7/2021,Monkey,Forest,0.18,Property Damage,0,0,2,1566.66,26.61007456,93.2857976
705,7/10/2020,Wild Boar,Forest,4.54,Property Damage,3,2,1,7500.14,21.73537908,88.65845292
706,14/3/2020,Leopard,,,Human Injury,0,2,2,,11.74122233,76.52420029
707,11/7/2022,Leopard,Grassland,6.36,Livestock Predation,1,0,0,977.79,11.67385907,76.50743735
708,20/10/2021,Leopard,,,Crop Raiding,2,0,0,,11.71041424,76.55122565
709,12/11/2020,Monkey,Grassland,2.05,Livestock Predation,0,1,2,9280.77,26.59067154,93.27528407
710,9/2/2021,Tiger,,,Property Damage,2,0,2,,26.59240599,93.27764223
711,11/4/2021,Monkey,Forest,6.61,Property Damage,3,2,1,256.77,26.58912973,93.26801545
712,12/9/2022,Tiger,Grassland,9.09,Livestock Predation,0,2,1,2068.75,26.60010747,93.26348449
713,5/11/2022,Elephant,Forest,8.18,Livestock Predation,2,2,2,6377.44,11.66681182,76.52236986
714,31/12/2022,Leopard,Wetland,6.59,Human Injury,3,2,2,7544.4,11.6532588,76.53431508
715,31/7/2020,Wild Boar,,,Property Damage,1,0,1,,21.69743217,88.63796363
716,19/12/2022,Elephant,Forest,6.82,Human Injury,3,1,2,6523.66,11.69658189,76.52300111
717,20/12/2021,Elephant,Grassland,3.17,Crop Raiding,0,1,2,9867.41,11.66345889,76.52176742
718,4/4/2020,Wild Boar,Grassland,2.27,Livestock Predation,2,0,1,1244.47,21.67247846,88.64890556
719,9/10/2022,Tiger,Forest,5.1,Human Death,2,0,0,1291.96,26.589397,93.27058431
720,19/6/2020,Monkey,Wetland,0.55,Human Injury,0,2,1,465.9,21.68021295,88.60315788
721,3/7/2020,Tiger,Grassland,2.57,Human Injury,0,0,2,8137.75,26.62448278,93.2736992
722,8/8/2021,Monkey,Forest,2.14,Crop Raiding,0,1,2,697.18,11.65840842,76.59399889
723,6/9/2022,Tiger,Grassland,3.19,Livestock Predation,3,0,0,4572.66,26.60153166,93.27154182
724,14/6/2022,Elephant,,,Human Injury,2,1,0,,11.65995078,76.57979091
725,16/1/2020,Leopard,Wetland,9.77,Livestock Predation,2,0,1,5626.42,11.73015021,76.55198371
726,6/9/2020,Wild Boar,Wetland,7.63,Human Death,1,2,0,6764.26,21.71378003,88.67546521
727,3/10/2022,Wild Boar,Forest,3.72,Property Damage,0,2,0,6100.87,21.70636236,88.67087149
728,28/1/2022,Elephant,Wetland,5.17,Human Death,3,1,2,3929.62,11.74759887,76.50926483
729,25/4/2021,Tiger,Forest,1.06,Property Damage,3,2,0,8293.05,26.60585237,93.29812951
730,13/12/2020,Wild Boar,Grassland,3.47,Property Damage,1,1,2,6989.12,21.69581564,88.659901
731,15/7/2022,Elephant,Wetland,0.12,Human Injury,2,2,0,216.41,11.67557673,76.57088186
732,14/9/2022,Leopard,Wetland,6.48,Crop Raiding,3,2,1,4623.54,11.74403722,76.54357519
733,15/1/2022,Elephant,Grassland,2.51,Crop Raiding,3,0,2,7657.7,11.70295672,76.53790288
734,30/6/2020,Monkey,Grassland,2.67,Human Death,3,0,2,663.44,26.62510643,93.28738887
735,28/9/2021,Leopard,Wetland,2.48,Livestock Predation,2,2,0,99958.7,11.7058805,76.52204825
736,13/3/2020,Monkey,Wetland,6.95,Property Damage,2,1,2,8086.82,11.73584501,76.54760444
737,11/3/2022,Elephant,Wetland,3.49,Livestock Predation,0,1,2,574.76,11.72309897,76.59082434
738,18/4/2020,Leopard,Wetland,1.35,Human Death,0,2,2,8280.11,11.65817408,76.57067795
739,24/1/2021,Elephant,Forest,1.23,Human Death,2,2,1,595.14,11.66718997,76.52523309
740,12/10/2021,Elephant,Grassland,9.69,Property Damage,3,1,0,99958.7,11.68197635,76.57302477
741,15/11/2020,Tiger,Grassland,6.8,Human Death,0,1,1,3237.71,26.59362951,93.25876218
742,31/3/2020,Tiger,Wetland,0.03,Property Damage,2,0,0,9205.32,26.59317952,93.2997157
743,10/12/2022,Tiger,Wetland,0.09,Human Death,3,0,0,7229.11,26.60957451,93.27506693
744,12/3/2021,Wild Boar,Grassland,9.22,Livestock Predation,1,1,0,4432.09,21.74938675,88.68218833
745,21/7/2022,Wild Boar,Forest,8.03,Crop Raiding,3,1,1,3289.11,21.67288273,88.675125
746,16/6/2020,Tiger,Grassland,2.56,Crop Raiding,1,1,0,2239.78,26.5790465,93.29525593
747,7/3/2021,Monkey,Forest,5.51,Livestock Predation,2,1,2,2099.83,21.65630482,88.6228081
748,17/1/2022,Monkey,Grassland,8.95,Crop Raiding,0,2,1,9994.19,21.65879681,88.66356632
749,25/7/2020,Tiger,Wetland,9.07,Human Death,0,0,0,620.48,26.61118097,93.27934129
750,26/10/2022,Leopard,Forest,0.72,Crop Raiding,3,0,0,4320.29,11.65182146,76.54377918
751,17/7/2022,Elephant,Grassland,7.37,Human Injury,2,1,2,833.83,11.71954363,76.52832108
752,22/11/2021,Tiger,Forest,3.7,Property Damage,2,2,0,454.27,26.57965514,93.26633165
753,10/4/2020,Elephant,Grassland,9.48,Human Injury,2,0,0,3189.25,11.71386262,76.57827797
754,11/9/2020,Tiger,Wetland,5.83,Human Injury,1,2,1,5381.04,26.61958677,93.26191792
755,7/11/2021,Leopard,,,Crop Raiding,3,1,1,,11.71692575,76.50331957
756,19/11/2021,Monkey,,,Crop Raiding,2,1,2,,26.61493781,93.26536744
757,24/5/2020,Monkey,,,Crop Raiding,2,2,1,,21.73125498,88.65876526
758,26/1/2020,Tiger,Wetland,2.96,Property Damage,3,1,0,8680.64,26.60000175,93.29722178
759,4/4/2022,Tiger,Wetland,0.78,Livestock Predation,2,1,1,526.6,26.58557113,93.29971686
760,18/1/2021,Wild Boar,Forest,6.9,Livestock Predation,0,1,2,6484.55,21.6775621,88.67682257
761,5/3/2022,Tiger,Wetland,4.2,Human Injury,2,0,2,1521.64,26.62275365,93.26918563
762,11/4/2021,Elephant,Forest,7.08,Livestock Predation,3,2,0,4550.7,11.69380358,76.50225673
763,6/6/2021,Monkey,Grassland,0.64,Human Death,3,2,1,7440.57,26.57848125,93.27556311
764,2/11/2022,Elephant,,,Human Death,1,1,2,,11.68652594,76.54702063
765,30/7/2022,Wild Boar,Wetland,8.57,Human Death,1,1,0,7969.82,21.65228562,88.62753545
766,5/2/2020,Wild Boar,Grassland,1.57,Livestock Predation,1,0,1,7275.68,21.70520678,88.6187343
767,9/6/2021,Wild Boar,Wetland,5,Human Injury,1,0,2,3172.85,21.72494187,88.69839451
768,3/8/2021,Tiger,Forest,5.82,Human Injury,0,2,0,2441.98,26.58233084,93.30590783
769,18/8/2021,Elephant,Grassland,0.13,Crop Raiding,3,0,1,6356.78,11.73055917,76.57714759
770,17/11/2021,Wild Boar,Grassland,9.22,Livestock Predation,2,2,2,8165.88,21.69800757,88.63835446
771,5/9/2020,Wild Boar,Grassland,6.66,Human Injury,3,0,1,5580.35,21.69185057,88.66575098
772,15/8/2022,Wild Boar,Wetland,7.72,Livestock Predation,3,2,2,3524.22,21.71815142,88.64632878
773,6/9/2021,Leopard,Forest,6.15,Livestock Predation,0,1,0,1204.32,11.70982359,76.58949878
774,28/1/2021,Wild Boar,Forest,0.64,Livestock Predation,1,2,1,180.35,21.6737335,88.65735201
775,30/12/2020,Monkey,Grassland,7.48,Crop Raiding,1,1,2,2618.53,26.59350207,93.28515284
776,1/12/2022,Monkey,Forest,2.36,Property Damage,0,2,0,7968.25,11.66678121,76.5053903
777,15/2/2021,Wild Boar,Grassland,9.89,Property Damage,0,0,2,9086.08,21.71641702,88.68178423
778,16/12/2022,Leopard,,,Crop Raiding,0,1,0,,11.7397408,76.58442563
779,14/5/2021,Leopard,Grassland,6.16,Property Damage,1,0,0,1848.42,11.65202449,76.51656093
780,15/8/2021,Leopard,,,Human Death,0,2,1,,11.67708426,76.56698872
781,27/2/2021,Monkey,Grassland,8.95,Human Injury,2,0,0,1679.35,26.59153839,93.27849554
782,20/5/2020,Monkey,Wetland,1.92,Human Injury,2,0,0,9469.22,26.59401247,93.27650989
783,25/12/2020,Wild Boar,Forest,4.32,Crop Raiding,1,1,2,389.44,21.69766714,88.6982588
784,19/9/2021,Monkey,Wetland,4.96,Livestock Predation,0,0,0,4308.63,11.67384766,76.52131016
785,24/9/2021,Tiger,Grassland,3.45,Livestock Predation,1,2,2,9223.02,26.61455139,93.27090109
786,27/2/2021,Monkey,Wetland,7.29,Livestock Predation,0,1,1,5933.79,11.74426491,76.55691546
787,18/12/2020,Monkey,Forest,7.32,Crop Raiding,1,0,0,4116.34,21.72186596,88.60130007
788,6/2/2020,Leopard,Forest,4.47,Property Damage,0,2,1,5594.23,11.65895891,76.58352581
789,10/2/2021,Tiger,Forest,8.21,Human Injury,2,2,2,3288.84,26.59442187,93.29008067
790,22/12/2022,Elephant,Grassland,1.98,Human Death,0,2,0,9376.81,11.66425141,76.5560904
791,5/3/2022,Wild Boar,Wetland,2.14,Property Damage,2,2,0,4790.42,21.71705173,88.6272799
792,15/7/2022,Leopard,Wetland,5.46,Human Injury,2,0,0,3783.62,11.72498762,76.52514195
793,17/3/2020,Elephant,Wetland,8.95,Livestock Predation,3,0,2,4145.46,11.66739015,76.54835454
794,3/11/2022,Monkey,Grassland,0.92,Human Injury,1,0,0,2113.25,11.67215858,76.50888273
795,13/9/2021,Leopard,Wetland,1.94,Property Damage,1,0,0,3179.48,11.72630668,76.52050602
796,13/12/2022,Elephant,Grassland,9.91,Human Injury,0,0,1,2297.06,11.68913836,76.50900147
797,21/2/2020,Wild Boar,Wetland,3.32,Human Death,1,2,2,3393.39,21.69198974,88.69077891
798,21/10/2021,Wild Boar,,,Crop Raiding,0,2,1,,21.6728062,88.62707135
799,3/6/2021,Leopard,Wetland,5.81,Human Death,0,0,0,6622.87,11.67338402,76.5399299
800,9/8/2022,Elephant,Forest,9.86,Property Damage,0,1,2,308.16,11.71437003,76.56550178
801,14/12/2021,Tiger,Forest,5.78,Crop Raiding,3,0,1,3303.56,26.61040537,93.27518191
802,25/3/2021,Elephant,Forest,7.16,Livestock Predation,2,1,2,9035.44,11.72008969,76.51271377
803,29/6/2020,Tiger,,,Property Damage,2,0,0,,26.60363756,93.25800417
804,15/1/2022,Wild Boar,Forest,2.8,Crop Raiding,2,2,0,4787.13,21.70150084,88.66646547
805,18/9/2022,Monkey,,,Crop Raiding,2,0,0,,26.62040888,93.28148087
806,7/11/2020,Monkey,Grassland,6.08,Human Death,1,1,2,5303.74,26.58162076,93.29093974
807,26/4/2021,Monkey,Forest,2.39,Property Damage,0,1,1,2950.31,11.7334237,76.50725282
808,20/4/2021,Monkey,Grassland,4.81,Human Death,0,2,2,5911.77,21.684636,88.62279597
809,10/7/2020,Monkey,Forest,4.34,Property Damage,3,1,2,1542.42,11.69902579,76.56859534
810,3/4/2020,Wild Boar,Wetland,9.88,Crop Raiding,1,2,0,8858.56,21.65027137,88.61936307
811,11/9/2022,Leopard,Forest,3.64,Human Death,0,2,1,129.12,11.6579121,76.5880805
812,12/7/2021,Monkey,Forest,9.86,Livestock Predation,3,1,0,3909.55,11.71425639,76.56029678
813,7/11/2022,Tiger,Forest,6.09,Crop Raiding,2,0,0,2016.63,26.62419624,93.28119307
814,7/8/2022,Leopard,Forest,7.78,Livestock Predation,1,2,0,4327.62,11.7059626,76.55357491
815,4/9/2022,Leopard,Wetland,5.26,Livestock Predation,1,0,1,0.49,11.68177484,76.53747891
816,2/12/2022,Tiger,Forest,3.88,Livestock Predation,1,1,1,8248.98,26.58054252,93.27633787
817,4/5/2020,Wild Boar,Grassland,7.73,Crop Raiding,2,0,2,8335.57,21.65528637,88.61942898
818,30/11/2022,Leopard,Grassland,5.6,Livestock Predation,2,1,1,8697.85,11.69241617,76.56237202
819,8/1/2022,Leopard,Wetland,2.86,Property Damage,2,1,0,2803.59,11.7412242,76.55552416
820,26/1/2021,Monkey,Wetland,2.17,Crop Raiding,1,2,2,8360.94,26.6200407,93.28583956
821,5/6/2021,Monkey,Forest,4.04,Livestock Predation,3,2,0,8799.58,11.70270477,76.50359731
822,21/4/2022,Tiger,Wetland,1.69,Human Death,0,2,2,1232.94,26.589829,93.29278539
823,18/7/2022,Leopard,Grassland,9.27,Livestock Predation,2,2,2,9974.44,11.66987951,76.5282072
824,21/7/2020,Wild Boar,Forest,3.8,Human Injury,3,0,0,5788.98,21.74611089,88.66259104
825,9/10/2022,Monkey,Forest,6.31,Crop Raiding,2,1,0,2809.68,11.71870328,76.53678211
826,15/4/2020,Tiger,Wetland,9.37,Human Injury,2,2,1,3273.43,26.58480817,93.28903038
827,21/10/2021,Tiger,Grassland,1.21,Crop Raiding,0,0,0,2128.29,26.58270919,93.28923443
828,21/9/2021,Monkey,Forest,3.16,Human Death,3,1,2,3256.63,21.68097049,88.68439756
829,31/12/2020,Elephant,Wetland,7.26,Human Death,0,1,1,6255.71,11.7346375,76.53757357
830,1/2/2020,Leopard,Wetland,6.09,Livestock Predation,3,2,2,6123.99,11.65158049,76.59733627
831,3/9/2021,Tiger,Forest,5.27,Human Death,0,2,2,5768.73,26.57913412,93.27049286
832,13/7/2021,Wild Boar,Grassland,9.02,Human Injury,3,1,1,9388.33,21.67405048,88.65859226
833,19/3/2020,Leopard,Grassland,1.34,Human Injury,1,0,2,5096.76,11.72825223,76.52173211
834,27/12/2021,Wild Boar,Wetland,6.64,Livestock Predation,2,2,1,428.71,21.72461429,88.60604178
835,11/1/2020,Leopard,Wetland,1.7,Human Death,3,1,1,8323.87,11.67124288,76.56466486
836,13/8/2020,Tiger,,,Crop Raiding,1,1,1,,26.62723122,93.28181774
837,19/1/2020,Monkey,Forest,5.88,Livestock Predation,3,0,1,8007.78,11.68554724,76.50432397
838,3/3/2020,Elephant,Forest,2.57,Crop Raiding,1,1,0,4897.07,11.70115044,76.58019982
839,9/9/2022,Wild Boar,Forest,6.31,Crop Raiding,0,1,1,4841.84,21.72555494,88.63051429
840,6/5/2020,Leopard,Forest,5.48,Property Damage,3,0,2,3509.42,11.71283669,76.53442636
841,24/10/2020,Tiger,Wetland,4.7,Livestock Predation,0,2,1,3415.59,26.57955747,93.28691288
842,19/6/2022,Monkey,Grassland,1.62,Human Death,2,0,0,8025.96,11.71566581,76.50997442
843,17/1/2020,Elephant,Grassland,4.76,Crop Raiding,3,0,2,5906.87,11.72213131,76.50395019
844,17/3/2021,Wild Boar,Grassland,2.25,Human Death,2,0,1,4210.84,21.73253725,88.63519318
845,20/7/2021,Monkey,Grassland,3.53,Livestock Predation,1,2,1,9476.91,11.71522098,76.57331315
846,27/4/2021,Wild Boar,,,Property Damage,0,0,1,,21.69820383,88.69998521
847,19/4/2020,Leopard,Grassland,8.7,Human Death,0,2,2,135.11,11.74981695,76.52724981
848,29/1/2022,Monkey,,,Property Damage,3,2,1,,26.62434651,93.29659244
849,26/4/2021,Wild Boar,Wetland,8.18,Crop Raiding,1,0,0,5759.62,21.67520905,88.67754028
850,29/5/2020,Wild Boar,,,Livestock Predation,1,2,0,,21.68292701,88.68961519
851,28/12/2022,Wild Boar,,,Livestock Predation,1,2,2,,21.71212968,88.66189218
852,3/8/2020,Elephant,Wetland,4.6,Property Damage,0,1,1,1549.35,11.68308904,76.58733066
853,16/12/2021,Elephant,Wetland,0.88,Property Damage,3,1,0,3273.94,11.71289528,76.59736073
854,23/12/2020,Wild Boar,Grassland,1.65,Human Death,3,2,1,378.48,21.70460818,88.6718987
855,17/7/2022,Monkey,Wetland,6.4,Property Damage,3,0,0,2111.98,26.58028123,93.30165767
856,23/10/2020,Monkey,Grassland,1.65,Crop Raiding,1,2,0,5926.36,11.72809059,76.54379916
857,29/11/2020,Leopard,Wetland,1.52,Crop Raiding,3,1,1,1035.02,11.74311487,76.53903417
858,1/11/2022,Tiger,Wetland,0.9,Property Damage,3,1,2,9918.13,26.61025917,93.28828543
859,26/6/2022,Wild Boar,Grassland,1.27,Crop Raiding,2,2,0,2022.93,21.65028478,88.64597442
860,29/8/2020,Elephant,Wetland,6.61,Property Damage,3,0,0,3116.04,11.66025599,76.58343964
861,13/4/2022,Tiger,Forest,5.94,Human Injury,2,0,1,9520.21,26.58189265,93.26458284
862,19/4/2022,Leopard,Forest,6.08,Human Injury,0,2,1,830.78,11.72903755,76.51910711
863,17/11/2021,Monkey,Wetland,4.71,Human Injury,1,2,1,1208.3,11.65325604,76.5862738
864,10/10/2020,Monkey,Grassland,0.79,Property Damage,3,1,0,1415.44,11.65062321,76.53688772
865,15/7/2021,Wild Boar,Grassland,5.58,Property Damage,2,2,0,3262.6,21.67140966,88.64681877
866,28/10/2020,Monkey,Forest,0.46,Property Damage,1,1,2,923.55,11.73218216,76.58268184
867,6/5/2022,Monkey,Wetland,2.05,Property Damage,2,1,0,757.67,11.74120611,76.58138354
868,19/9/2022,Tiger,Wetland,4.72,Crop Raiding,1,2,0,3644.64,26.60913298,93.28567968
869,6/1/2020,Monkey,Grassland,2.09,Human Injury,1,1,2,8426.26,21.69376333,88.60076219
870,11/4/2021,Tiger,Wetland,3.23,Crop Raiding,1,1,0,8336.19,26.5881921,93.26687581
871,15/6/2022,Wild Boar,,,Livestock Predation,3,1,2,,21.72871856,88.64148896
872,1/12/2021,Tiger,Wetland,1.14,Human Injury,2,1,2,6219.2,26.6163155,93.28359166
873,13/6/2022,Wild Boar,Forest,5.07,Property Damage,3,0,0,6917.73,21.73452324,88.67930092
874,1/1/2020,Leopard,Grassland,8.51,Human Death,1,2,0,8473.79,11.71354746,76.50930685
875,13/9/2020,Monkey,Forest,4.89,Human Death,3,1,2,8488.14,11.66859296,76.55683433
876,10/6/2021,Monkey,Wetland,4.74,Crop Raiding,0,1,1,8795.1,11.67418583,76.55907165
877,28/10/2021,Tiger,Grassland,1.99,Crop Raiding,3,1,1,549.52,26.61403815,93.30525373
878,5/2/2021,Wild Boar,Forest,4.92,Property Damage,1,0,0,5947.11,21.65602553,88.61128858
879,15/12/2020,Elephant,Grassland,6.14,Livestock Predation,0,2,0,8633.31,11.72591315,76.54169138
880,26/11/2020,Elephant,Wetland,7.31,Crop Raiding,1,1,2,6401.69,11.72889074,76.57709072
881,2/2/2020,Tiger,Wetland,5.28,Property Damage,2,1,2,9218.05,26.59492944,93.28171057
882,20/8/2020,Elephant,Forest,6.63,Property Damage,0,0,1,1656.59,11.66032169,76.57126904
883,29/4/2021,Monkey,,,Crop Raiding,2,1,2,,26.62620391,93.2591007
884,27/7/2022,Wild Boar,Forest,3.71,Property Damage,0,2,2,7470.93,21.74727206,88.61206676
885,16/8/2020,Tiger,Wetland,3.09,Human Injury,1,2,1,8452.51,26.61081779,93.29765235
886,3/2/2021,Leopard,Wetland,1.28,Human Injury,3,2,1,5327.97,11.68978449,76.54892445
887,15/12/2022,Tiger,Forest,8.25,Crop Raiding,3,1,0,2139.84,26.58364011,93.27081753
888,3/6/2021,Wild Boar,Forest,8.81,Human Death,0,0,1,2194.19,21.6659577,88.66521335
889,15/6/2020,Monkey,,,Crop Raiding,3,0,0,,11.69169788,76.53635035
890,29/10/2020,Wild Boar,Wetland,0.44,Livestock Predation,2,0,2,3663.59,21.73976173,88.6011319
891,15/1/2022,Leopard,Wetland,6.08,Crop Raiding,0,0,2,409.76,11.72517625,76.57231139
892,29/3/2022,Leopard,Forest,9.16,Livestock Predation,0,0,2,5825.49,11.65712845,76.50121032
893,22/5/2020,Tiger,Wetland,1.46,Property Damage,0,1,1,4686.31,26.6021643,93.28076134
894,17/9/2022,Tiger,Grassland,2.94,Human Injury,2,0,0,9922.58,26.59131714,93.2977209
895,26/8/2020,Monkey,Forest,8.28,Human Death,1,2,1,4903.92,11.69429807,76.54143545
896,23/3/2020,Tiger,Wetland,9.81,Human Death,3,0,1,8999.34,26.58637724,93.26578661
897,8/10/2022,Tiger,,,Property Damage,2,1,0,,26.57808589,93.30513135
898,21/8/2021,Elephant,Grassland,4.19,Human Injury,3,0,1,1797.81,11.69337142,76.51340256
899,28/4/2020,Leopard,Wetland,3.82,Crop Raiding,0,2,0,5217.29,11.71674978,76.50800772
900,29/5/2021,Tiger,Forest,2.91,Human Death,3,0,2,7435.68,26.59669717,93.28122269
901,9/5/2022,Leopard,Wetland,4.44,Crop Raiding,1,1,2,5119.64,11.73392892,76.517777
902,16/11/2022,Wild Boar,,,Human Injury,3,0,1,,21.68086886,88.60106942
903,29/8/2020,Elephant,Grassland,6.34,Livestock Predation,1,1,0,595.15,11.65997914,76.52741501
904,5/4/2022,Tiger,Grassland,9.06,Human Injury,1,2,2,7186.77,26.61228283,93.29373924
905,16/4/2020,Wild Boar,Forest,7.03,Livestock Predation,0,2,2,376.12,21.70136734,88.69011177
906,2/10/2022,Wild Boar,Forest,0.35,Livestock Predation,2,2,1,1057.17,21.70522425,88.65966625
907,20/11/2020,Wild Boar,Grassland,8.92,Livestock Predation,3,2,1,652.54,21.65563497,88.66727911
908,24/5/2021,Elephant,Wetland,3.79,Human Injury,1,2,2,765.49,11.73150991,76.58185759
909,31/3/2021,Tiger,,,Human Injury,2,0,1,,26.59510362,93.29153018
910,16/3/2022,Leopard,Forest,6.16,Property Damage,1,2,0,5720.79,11.69104314,76.51663387
911,17/12/2022,Leopard,,,Property Damage,2,1,0,,11.70971443,76.59308412
912,19/5/2020,Wild Boar,Wetland,5.59,Human Death,3,0,1,8206.25,21.68797614,88.69159776
913,12/5/2021,Monkey,Forest,9.98,Crop Raiding,0,0,0,1646.54,21.69415779,88.64745104
914,1/5/2021,Elephant,Grassland,5.46,Property Damage,3,0,2,1769.66,11.72552351,76.56271324
915,24/8/2020,Elephant,Grassland,1.82,Property Damage,2,1,2,3026.09,11.68546853,76.54972093
916,1/3/2021,Wild Boar,Wetland,3.73,Livestock Predation,2,0,2,8282.83,21.66104364,88.61576778
917,15/9/2021,Elephant,,,Human Injury,1,2,2,,11.7371983,76.54576397
918,25/11/2022,Elephant,Wetland,1.27,Property Damage,1,1,2,8934.71,11.73278941,76.59252504
919,12/1/2020,Wild Boar,Grassland,8.56,Crop Raiding,1,2,0,1135.47,21.72388965,88.64979853
920,29/10/2020,Elephant,Grassland,9.98,Property Damage,2,1,1,7444.57,11.65483758,76.51737201
921,14/5/2021,Monkey,Forest,0.05,Property Damage,1,1,0,4737.34,26.6216865,93.2636985
922,1/1/2021,Leopard,Forest,0.73,Human Death,3,1,2,8681.12,11.65538801,76.5391001
923,28/8/2020,Monkey,Grassland,8.96,Human Injury,1,2,2,4555.53,21.72978559,88.66273579
924,27/3/2022,Leopard,Grassland,8.37,Property Damage,2,2,1,5446.19,11.73069441,76.59754081
925,22/1/2022,Wild Boar,Grassland,8,Human Injury,1,0,2,2775.75,21.73020814,88.68812973
926,14/12/2021,Elephant,Grassland,1.34,Property Damage,3,1,2,9595.96,11.74473962,76.50005985
927,31/1/2020,Wild Boar,Forest,3.19,Human Death,2,1,2,6752.02,21.70469599,88.67337061
928,18/11/2020,Monkey,Grassland,0.23,Property Damage,2,2,2,8277.55,11.72602079,76.50532221
929,27/7/2020,Leopard,Wetland,3.24,Crop Raiding,2,1,0,6460.3,11.6806931,76.50978919
930,4/1/2020,Wild Boar,Wetland,5.6,Livestock Predation,1,0,0,5828.38,21.7137609,88.6324572
931,9/8/2021,Monkey,Wetland,5.53,Livestock Predation,2,0,1,2081.66,11.7388305,76.51446516
932,21/10/2020,Leopard,Forest,9.83,Human Injury,0,0,0,99958.7,11.73861227,76.57720996
933,8/8/2021,Elephant,,,Property Damage,0,2,2,,11.65478821,76.54840552
934,14/8/2021,Monkey,Wetland,7.35,Property Damage,1,0,0,5714.96,21.70601964,88.63642269
935,23/4/2021,Monkey,Forest,8.28,Human Death,0,0,1,8439.27,21.70450326,88.61997102
936,1/3/2020,Monkey,Grassland,0.51,Human Death,1,2,1,8906.9,11.72420572,76.54217163
937,28/12/2020,Tiger,Forest,2.34,Property Damage,0,1,1,9784,26.58419856,93.27695271
938,2/1/2021,Leopard,,,Livestock Predation,0,2,1,,11.70511708,76.58458719
939,23/7/2020,Tiger,Wetland,2.87,Crop Raiding,0,2,1,1860.58,26.61311534,93.27129409
940,12/10/2022,Leopard,Forest,2.27,Crop Raiding,3,0,2,2476.43,11.72249217,76.58333325
941,23/6/2020,Wild Boar,Forest,2.93,Human Death,3,1,2,8229.09,21.69245662,88.61881291
942,22/9/2021,Monkey,Grassland,1.26,Human Injury,3,0,2,2061.45,11.73446966,76.52695831
943,20/4/2022,Elephant,Wetland,7.1,Property Damage,1,1,2,99958.7,11.69859442,76.57755866
944,28/1/2022,Wild Boar,Wetland,8.48,Crop Raiding,2,1,2,7041.18,21.70891607,88.6930381
945,5/4/2021,Elephant,Grassland,9.86,Human Injury,2,2,0,7174.66,11.69353591,76.58171792
946,18/6/2022,Elephant,Grassland,9.93,Human Death,0,2,0,1629.79,11.72656747,76.59464242
947,11/9/2022,Wild Boar,Forest,4.47,Human Death,3,0,1,9222.47,21.74990359,88.69712517
948,11/8/2022,Monkey,Grassland,0.73,Human Injury,0,0,0,9150.34,11.69002369,76.56171958
949,8/2/2020,Monkey,Grassland,6.41,Livestock Predation,2,2,1,5421.96,21.65733609,88.66571709
950,25/2/2021,Wild Boar,Grassland,7.95,Human Injury,3,1,0,4818.53,21.67166911,88.63513408
951,13/1/2021,Wild Boar,Wetland,6.04,Livestock Predation,0,0,0,1847.01,21.70978162,88.64553298
952,5/12/2020,Leopard,Grassland,1.43,Human Death,3,1,2,5764.36,11.68631465,76.57368094
953,13/10/2021,Tiger,Wetland,9.82,Crop Raiding,3,0,2,4303.51,26.61409782,93.29394736
954,21/10/2021,Leopard,Wetland,8.63,Crop Raiding,3,1,1,145.46,11.71606111,76.53447119
955,3/1/2020,Leopard,Grassland,0.81,Livestock Predation,3,0,0,99958.7,11.71196405,76.59608962
956,19/5/2020,Elephant,Wetland,5.87,Crop Raiding,2,1,0,9045.8,11.70916319,76.55514352
957,31/7/2022,Wild Boar,Grassland,3.55,Crop Raiding,1,1,0,747.96,21.74439314,88.6153158
958,13/3/2022,Elephant,Wetland,3.88,Human Injury,2,1,0,3568.03,11.74397149,76.55305729
959,15/4/2021,Leopard,Grassland,7.48,Human Death,0,0,0,7443.07,11.74162659,76.58754412
960,23/12/2020,Wild Boar,Wetland,7.61,Livestock Predation,0,1,0,7958.69,21.72776734,88.61103544
961,24/8/2021,Wild Boar,Forest,1.89,Livestock Predation,3,0,1,1047.54,21.69483447,88.64758837
962,22/12/2022,Monkey,,,Property Damage,0,0,2,,11.72943157,76.54451477
963,12/5/2022,Monkey,Grassland,1.77,Property Damage,3,1,0,2698.95,26.59906415,93.28022198
964,11/4/2020,Monkey,Wetland,9.21,Human Injury,3,1,2,99958.7,26.58496059,93.26854828
965,5/3/2020,Monkey,Wetland,10,Crop Raiding,0,2,2,6258.82,26.58618402,93.27058848
966,5/4/2022,Wild Boar,Grassland,4.22,Human Injury,3,1,0,6416.93,21.73709391,88.62626846
967,13/1/2020,Tiger,Forest,5.81,Crop Raiding,2,2,2,7166.65,26.60582538,93.26829051
968,26/3/2022,Wild Boar,Forest,7.75,Property Damage,2,2,0,557.4,21.72639049,88.61109258
969,20/2/2022,Tiger,Forest,2.01,Human Death,3,2,0,8711.4,26.61876397,93.2666264
970,20/2/2021,Leopard,Grassland,1.37,Crop Raiding,0,1,1,5686.08,11.66744209,76.55851545
971,10/3/2022,Monkey,Wetland,6.55,Livestock Predation,0,2,1,2178.81,26.60912603,93.26680131
972,13/11/2021,Elephant,Wetland,6.66,Livestock Predation,1,0,2,1015.15,11.68739333,76.57591361
973,25/4/2022,Elephant,Wetland,3.19,Crop Raiding,1,2,1,6981.02,11.73532081,76.58444347
974,12/8/2020,Leopard,Forest,8.32,Human Death,1,0,0,1927.26,11.73793336,76.59447863
975,1/5/2022,Monkey,Forest,1.03,Crop Raiding,1,1,2,8629.31,26.61878513,93.28722465
976,10/5/2020,Tiger,Grassland,6.77,Crop Raiding,3,2,2,7344.48,26.62572076,93.28668698
977,5/6/2022,Leopard,,,Property Damage,3,2,2,,11.72160521,76.57661626
978,5/6/2022,Elephant,Forest,2.75,Human Injury,0,1,1,4579.38,11.67397441,76.57392719
979,18/12/2022,Monkey,Forest,9.64,Human Death,1,2,0,5084.85,26.58862784,93.29195251
980,7/10/2022,Wild Boar,Grassland,4.82,Human Injury,0,0,2,3988.51,21.67896463,88.64223773
981,1/3/2022,Tiger,Grassland,9.81,Property Damage,3,0,2,5734.56,26.61474531,93.27558923
982,28/10/2020,Wild Boar,Grassland,2.8,Property Damage,3,0,1,2361.53,21.74516127,88.67872678
983,21/11/2020,Elephant,Forest,1.43,Property Damage,3,1,1,947.02,11.69640863,76.55325206
984,6/1/2020,Tiger,Wetland,6.71,Human Death,0,0,2,216.85,26.62583058,93.2669437
985,6/9/2022,Tiger,,,Human Injury,1,2,0,,26.61297315,93.2854184
986,8/1/2020,Wild Boar,Grassland,3.78,Human Death,2,2,0,6515.89,21.67767186,88.69532114
987,29/10/2022,Monkey,Wetland,9.42,Property Damage,3,1,1,2326.22,26.62401981,93.27414072
988,20/7/2022,Elephant,Wetland,4.12,Property Damage,1,2,1,83.79,11.6654385,76.52379134
989,25/11/2022,Elephant,Grassland,7.16,Property Damage,1,2,2,6129.05,11.65627716,76.59009257
990,11/10/2020,Wild Boar,Forest,2.64,Property Damage,3,0,1,8560.11,21.74341535,88.66901392
991,19/12/2021,Elephant,Forest,1.52,Human Injury,1,1,0,4064.24,11.7480412,76.58640207
992,8/4/2021,Leopard,Grassland,8.57,Livestock Predation,3,1,1,5669.74,11.65190886,76.56461173
993,30/9/2021,Elephant,Wetland,1.68,Property Damage,1,2,2,677,11.68781876,76.59491154
994,30/7/2021,Tiger,Grassland,6.32,Human Death,2,2,2,5389.35,26.57895568,93.25985701
995,17/12/2022,Monkey,Grassland,1.2,Human Death,1,2,1,4753.26,11.73239696,76.5772721
996,23/11/2020,Wild Boar,Grassland,1.7,Property Damage,2,2,1,3176.68,21.73596789,88.68664288
997,13/7/2021,Leopard,Forest,6.13,Human Death,2,2,1,4016.29,11.7304657,76.55228785
998,7/6/2022,Tiger,Forest,5.99,Property Damage,0,0,0,164.37,26.60619692,93.28524407
999,21/7/2020,Monkey,Wetland,6.42,Property Damage,0,2,2,455.14,26.59229456,93.30537815
1000,21/4/2022,Wild Boar,,,Livestock Predation,3,1,2,,21.65271773,88.66829886
939,23/7/2020,Tiger,Wetland,2.87,Crop Raiding,0,2,1,1860.58,26.61311534,93.27129409
85,21/3/2022,Wild Boar,Wetland,1.36,Livestock Predation,1,2,1,1402.63,21.74505352,88.61588144
204,23/8/2022,Monkey,Wetland,7.88,Crop Raiding,3,1,0,9632.05,21.67966083,88.66844894
325,23/10/2022,Monkey,Grassland,2.92,Human Injury,0,2,2,7078.66,26.59399696,93.26803628
775,30/12/2020,Monkey,Grassland,7.48,Crop Raiding,1,1,2,2618.53,26.59350207,93.28515284
965,5/3/2020,Monkey,Wetland,10,Crop Raiding,0,2,2,6258.82,26.58618402,93.27058848
48,28/9/2022,Monkey,Grassland,7.2,Human Injury,1,2,2,9868.63,11.71069863,76.53917229
640,22/10/2020,Monkey,,,Human Death,3,2,1,,11.66282362,76.59432075
132,9/6/2021,Leopard,Wetland,7.82,Livestock Predation,1,2,1,8158.59,11.70309621,76.5356398
973,25/4/2022,Elephant,Wetland,3.19,Crop Raiding,1,2,1,6981.02,11.73532081,76.58444347
869,6/1/2020,Monkey,Grassland,2.09,Human Injury,1,1,2,8426.26,21.69376333,88.60076219
181,18/6/2020,Monkey,Forest,4.38,Human Death,1,1,0,7677.06,11.6625937,76.57010944
847,19/4/2020,Leopard,Grassland,8.7,Human Death,0,2,2,135.11,11.74981695,76.52724981
144,26/7/2021,Elephant,Forest,5.59,Human Death,3,1,2,4868.54,11.73174813,76.59338832
661,26/12/2022,Tiger,Wetland,0.2,Crop Raiding,0,2,0,3252.82,26.59488536,93.2817653
228,8/10/2021,Wild Boar,Forest,8.74,Human Injury,3,0,2,7678.25,21.70916076,88.61645716
955,3/1/2020,Leopard,Grassland,0.81,Livestock Predation,3,0,0,5539.92,11.71196405,76.59608962
792,15/7/2022,Leopard,Wetland,5.46,Human Injury,2,0,0,3783.62,11.72498762,76.52514195
720,19/6/2020,Monkey,Wetland,0.55,Human Injury,0,2,1,465.9,21.68021295,88.60315788
910,16/3/2022,Leopard,Forest,6.16,Property Damage,1,2,0,5720.79,11.69104314,76.51663387
374,5/5/2021,Tiger,Forest,2.63,Crop Raiding,2,0,2,668.56,26.61133332,93.30320749
854,23/12/2020,Wild Boar,Grassland,1.65,Human Death,3,2,1,378.48,21.70460818,88.6718987
561,22/1/2022,Leopard,Grassland,2.73,Livestock Predation,1,0,2,6350.57,11.69025714,76.50388083
306,27/12/2021,Leopard,Wetland,9.09,Human Death,1,2,1,72.51,11.71291724,76.55235241
582,28/7/2022,Monkey,Wetland,9.89,Property Damage,0,2,2,7227.53,26.6194855,93.30111453
170,3/5/2021,Monkey,Grassland,1.6,Livestock Predation,3,1,2,3061.48,11.70677554,76.53749312
676,27/4/2020,Leopard,,,Human Injury,1,1,1,,11.65359654,76.53030976
449,18/6/2022,Tiger,,,Crop Raiding,2,2,1,,26.58706701,93.26069334
96,3/1/2021,Tiger,Grassland,4.77,Crop Raiding,3,1,2,2624.4,26.59056535,93.28882437
198,11/9/2022,Elephant,Wetland,7.22,Crop Raiding,2,0,0,2537.17,11.70319631,76.59096009
607,5/8/2022,Tiger,Wetland,4.63,Crop Raiding,0,2,1,6602.62,26.62150063,93.28993865
257,21/7/2022,Elephant,Forest,8.25,Crop Raiding,1,1,2,7958.21,11.70901598,76.54040801
882,20/8/2020,Elephant,Forest,6.63,Property Damage,0,0,1,1656.59,11.66032169,76.57126904
691,22/5/2021,Wild Boar,Wetland,7.69,Livestock Predation,2,0,0,1209.68,21.66022951,88.66745862
293,17/5/2020,Leopard,Forest,6.04,Human Injury,1,0,0,6857.6,11.66678345,76.50770094
931,9/8/2021,Monkey,Wetland,5.53,Livestock Predation,2,0,1,2081.66,11.7388305,76.51446516
817,4/5/2020,Wild Boar,Grassland,7.73,Crop Raiding,2,0,2,8335.57,21.65528637,88.61942898
862,19/4/2022,Leopard,Forest,6.08,Human Injury,0,2,1,830.78,11.72903755,76.51910711
388,12/5/2020,Tiger,Wetland,5.75,Property Damage,0,2,1,3757.47,26.57918741,93.30176609
611,8/7/2020,Elephant,Grassland,6.16,Livestock Predation,0,1,1,2558.34,11.70988305,76.51324279
555,19/6/2021,Leopard,Grassland,8.01,Crop Raiding,0,1,2,9015.47,11.69969922,76.5602853
974,12/8/2020,Leopard,Forest,8.32,Human Death,1,0,0,1927.26,11.73793336,76.59447863
369,13/9/2022,Tiger,Wetland,6.46,Livestock Predation,1,2,1,9263.34,26.58012374,93.28254315
1000,21/4/2022,Wild Boar,,,Livestock Predation,3,1,2,,21.65271773,88.66829886
918,25/11/2022,Elephant,Wetland,1.27,Property Damage,1,1,2,8934.71,11.73278941,76.59252504
202,29/11/2021,Leopard,Forest,6.62,Crop Raiding,2,0,1,3674.7,11.6535507,76.50899848
384,24/6/2020,Wild Boar,Wetland,5.97,Human Injury,3,0,1,5182.74,21.67472991,88.69776937
513,1/4/2020,Tiger,Forest,9.36,Property Damage,1,2,2,6763.82,26.58641628,93.26004918
907,20/11/2020,Wild Boar,Grassland,8.92,Livestock Predation,3,2,1,652.54,21.65563497,88.66727911
371,27/12/2022,Wild Boar,Grassland,4.07,Property Damage,3,2,0,7396.27,21.70342829,88.61353346